company_id,company_name,reporting_period,fiscal_year,fiscal_quarter,period_end,value_basis,revenue_cny_100m,operating_cost_cny_100m,selling_expense_cny_100m,management_expense_cny_100m,finance_expense_cny_100m,rd_expense_cny_100m,operating_cash_flow_cny_100m
002230.SZ,科大讯飞,2021Q1,2021,1,2021-03-31,reported_cumulative_ytd,25.013,14.4903,3.5022,2.2488,-0.0038637,5.0334,-12.0555
002230.SZ,科大讯飞,2021Q2,2021,2,2021-06-30,reported_cumulative_ytd,38.1735,21.6562,6.4558,1.9052,0.0124751,6.4906,-5.2838
002230.SZ,科大讯飞,2021Q3,2021,3,2021-09-30,reported_cumulative_ytd,45.4931,25.6704,6.5971,2.0172,0.0053806,8.701,2.4659
002230.SZ,科大讯飞,2021Q4,2021,4,2021-12-31,reported_cumulative_ytd,74.4564,45.9865,10.3734,4.8464,-0.0244239,8.0734,23.8041
002230.SZ,科大讯飞,2022Q1,2022,1,2022-03-31,reported_cumulative_ytd,35.0599,20.8489,5.5405,3.3244,-0.0114997,6.7667,-11.822
002230.SZ,科大讯飞,2022Q2,2022,2,2022-06-30,reported_cumulative_ytd,45.1668,27.1917,8.1656,1.918,-0.0426340999999999,7.6214,-4.3494
002230.SZ,科大讯飞,2022Q3,2022,3,2022-09-30,reported_cumulative_ytd,46.3813,27.6906,7.5912,2.2494,-0.0074985999999999,8.9183,6.0576
002230.SZ,科大讯飞,2022Q4,2022,4,2022-12-31,reported_cumulative_ytd,61.5943,35.6326,10.3466,4.7761,-0.0169186,7.8066,16.4214
002230.SZ,科大讯飞,2023Q1,2023,1,2023-03-31,reported_cumulative_ytd,28.8758,16.7816,6.3451,3.3227,0.0137051,7.1573,-16.6842
002230.SZ,科大讯飞,2023Q2,2023,2,2023-06-30,reported_cumulative_ytd,49.5397,30.1632,8.2067,2.291,-0.0095696999999999,8.0114,1.3968
002230.SZ,科大讯飞,2023Q3,2023,3,2023-09-30,reported_cumulative_ytd,47.7219,28.3554,8.3394,2.582,0.0113922,9.814,3.5715
002230.SZ,科大讯飞,2023Q4,2023,4,2023-12-31,reported_cumulative_ytd,70.3658,37.3652,12.9493,5.5077,-0.0001769,9.8291,15.2135
002230.SZ,科大讯飞,2024Q1,2024,1,2024-03-31,reported_cumulative_ytd,36.4622,22.5833,7.6507,3.7962,0.034546,8.4221,-13.8414
002230.SZ,科大讯飞,2024Q2,2024,2,2024-06-30,reported_cumulative_ytd,56.7833,33.1856,8.6116,2.3249,0.0296798,10.9031,-1.5142
002230.SZ,科大讯飞,2024Q3,2024,3,2024-09-30,reported_cumulative_ytd,55.2499,32.6527,9.2684,2.8614,0.0455589,11.0458,7.1462
002230.SZ,科大讯飞,2024Q4,2024,4,2024-12-31,reported_cumulative_ytd,84.9356,45.4901,15.3035,5.5715,0.0249758,8.5449,33.1611
002230.SZ,科大讯飞,2025Q1,2025,1,2025-03-31,reported_cumulative_ytd,46.5782,27.8625,9.3098,3.5333,0.0363808,9.4696,-7.1224
002230.SZ,科大讯飞,2025Q2,2025,2,2025-06-30,reported_cumulative_ytd,62.5312,37.3531,11.5507,2.7455,0.0410857,11.2058,-0.5974
002230.SZ,科大讯飞,2025Q3,2025,3,2025-09-30,reported_cumulative_ytd,60.785,36.2408,11.4058,2.8226,0.0442563,11.2034,8.9465
300760.SZ,迈瑞医疗,2021Q1,2021,1,2021-03-31,reported_cumulative_ytd,57.8105,20.2192,9.5162,3.2467,0.32009881,5.8792,11.1054
300760.SZ,迈瑞医疗,2021Q2,2021,2,2021-06-30,reported_cumulative_ytd,69.973,23.7748,9.2344,2.6568,-0.75063193,4.7356,24.1252
300760.SZ,迈瑞医疗,2021Q3,2021,3,2021-09-30,reported_cumulative_ytd,66.1316,22.7041,9.6856,2.5324,-0.42929678,5.6789,25.7393
300760.SZ,迈瑞医疗,2021Q4,2021,4,2021-12-31,reported_cumulative_ytd,58.7807,21.7291,11.5533,2.621,9.601e-05,8.9482,29.0167
300760.SZ,迈瑞医疗,2022Q1,2022,1,2022-03-31,reported_cumulative_ytd,69.4311,24.2299,10.7295,3.5838,-0.07680873,7.0395,8.6975
300760.SZ,迈瑞医疗,2022Q2,2022,2,2022-06-30,reported_cumulative_ytd,84.1247,30.8503,10.7909,2.6044,-2.15497909,6.4614,32.0714
300760.SZ,迈瑞医疗,2022Q3,2022,3,2022-09-30,reported_cumulative_ytd,79.4025,28.0833,11.7843,3.1208,-2.58651168,7.373,26.6463
300760.SZ,迈瑞医疗,2022Q4,2022,4,2022-12-31,reported_cumulative_ytd,70.6981,25.6893,14.7109,3.8916,0.30792648,8.3523,53.9963
300760.SZ,迈瑞医疗,2023Q1,2023,1,2023-03-31,reported_cumulative_ytd,83.6428,28.1068,13.7382,4.5708,-0.05876311,8.523,13.3336
300760.SZ,迈瑞医疗,2023Q2,2023,2,2023-06-30,reported_cumulative_ytd,101.1149,35.4555,14.6076,3.3856,-5.65681041,9.9913,31.4977
300760.SZ,迈瑞医疗,2023Q3,2023,3,2023-09-30,reported_cumulative_ytd,88.2802,28.9487,11.5478,3.2015,-0.33436404,6.5749,32.8754
300760.SZ,迈瑞医疗,2023Q4,2023,4,2023-12-31,reported_cumulative_ytd,76.281,25.6961,17.1356,4.0795,-2.49917957,9.2373,32.9136
300760.SZ,迈瑞医疗,2024Q1,2024,1,2024-03-31,reported_cumulative_ytd,93.7281,31.9013,14.8548,4.7335,-1.23736173,9.4743,28.6469
300760.SZ,迈瑞医疗,2024Q2,2024,2,2024-06-30,reported_cumulative_ytd,111.5779,37.3827,14.4947,3.4918,-1.69012717,8.2787,56.311
300760.SZ,迈瑞医疗,2024Q3,2024,3,2024-09-30,reported_cumulative_ytd,89.5421,34.3012,7.2966,2.968,1.10377637,8.1704,25.7709
300760.SZ,迈瑞医疗,2024Q4,2024,4,2024-12-31,reported_cumulative_ytd,72.4094,31.89,16.1819,4.8041,-2.17656622,10.7352,13.5916
300760.SZ,迈瑞医疗,2025Q1,2025,1,2025-03-31,reported_cumulative_ytd,82.3718,30.8681,11.783,3.4191,-1.62352779,7.6654,14.9441
300760.SZ,迈瑞医疗,2025Q2,2025,2,2025-06-30,reported_cumulative_ytd,85.0582,33.312,12.4563,3.4029,-1.73302489,8.4006,24.2768
300760.SZ,迈瑞医疗,2025Q3,2025,3,2025-09-30,reported_cumulative_ytd,90.909,34.11,13.1128,3.6468,0.42577122,8.2827,33.5077
002273.SZ,水晶光电,2021Q1,2021,1,2021-03-31,reported_cumulative_ytd,8.6634,6.915,0.1076,0.4794,-0.0302938454,0.4672,1.9188
002273.SZ,水晶光电,2021Q2,2021,2,2021-06-30,reported_cumulative_ytd,8.5409,6.6859,0.1114,0.5304,0.0246642254,0.5173,0.3305
002273.SZ,水晶光电,2021Q3,2021,3,2021-09-30,reported_cumulative_ytd,11.3446,8.2172,0.0936,0.5394,-0.1728220255999999,0.6432,2.002
002273.SZ,水晶光电,2021Q4,2021,4,2021-12-31,reported_cumulative_ytd,9.5449,7.2074,0.1655,0.7982,-0.0787303688,0.8144,2.8381
002273.SZ,水晶光电,2022Q1,2022,1,2022-03-31,reported_cumulative_ytd,9.4646,7.3921,0.0996,0.5931,-0.1608561606,0.6681,1.0818
002273.SZ,水晶光电,2022Q2,2022,2,2022-06-30,reported_cumulative_ytd,9.3802,6.8448,0.1036,0.7999,-0.4810630072999999,0.8811,1.1321
002273.SZ,水晶光电,2022Q3,2022,3,2022-09-30,reported_cumulative_ytd,13.1703,9.1251,0.1029,0.8815,-0.4920698725999999,0.8403,2.4243
002273.SZ,水晶光电,2022Q4,2022,4,2022-12-31,reported_cumulative_ytd,11.7401,8.6251,0.2001,1.3088,-0.0935398323,0.9451,3.7775
002273.SZ,水晶光电,2023Q1,2023,1,2023-03-31,reported_cumulative_ytd,8.769,6.6327,0.1272,0.6487,-0.0685400981,0.8652,1.819
002273.SZ,水晶光电,2023Q2,2023,2,2023-06-30,reported_cumulative_ytd,9.7691,7.1683,0.1669,0.9581,-0.3420487111,1.3022,1.019
002273.SZ,水晶光电,2023Q3,2023,3,2023-09-30,reported_cumulative_ytd,16.9565,12.1118,0.1488,0.9291,-0.1490572567,0.6981,1.8025
002273.SZ,水晶光电,2023Q4,2023,4,2023-12-31,reported_cumulative_ytd,15.2678,10.7332,0.2676,1.0018,-0.1384752566,1.3733,7.658
002273.SZ,水晶光电,2024Q1,2024,1,2024-03-31,reported_cumulative_ytd,13.4527,10.2239,0.1629,0.7328,-0.2345112159,0.8417,3.9807
002273.SZ,水晶光电,2024Q2,2024,2,2024-06-30,reported_cumulative_ytd,13.0958,8.9974,0.1409,0.6823,-0.2496169521,0.9311,3.035
002273.SZ,水晶光电,2024Q3,2024,3,2024-09-30,reported_cumulative_ytd,20.5488,13.0051,0.1807,0.9416,-0.044050043,0.8221,6.8843
002273.SZ,水晶光电,2024Q4,2024,4,2024-12-31,reported_cumulative_ytd,15.6796,11.03,0.3702,1.2938,-0.3337455978999999,1.483,3.9718
002273.SZ,水晶光电,2025Q1,2025,1,2025-03-31,reported_cumulative_ytd,14.8242,10.6811,0.1563,0.7421,-0.1736721238,0.9644,2.1179
002273.SZ,水晶光电,2025Q2,2025,2,2025-06-30,reported_cumulative_ytd,15.3804,10.6265,0.2016,0.8379,-0.1031501505,0.9718,2.8847
002273.SZ,水晶光电,2025Q3,2025,3,2025-09-30,reported_cumulative_ytd,21.0272,13.6626,0.2004,1.1695,-0.02846695,1.0405,3.2389
000157.SZ,中联重科,2021Q1,2021,1,2021-03-31,reported_cumulative_ytd,190.4998,138.7436,10.5319,4.4144,0.6147,8.121,26.6034
000157.SZ,中联重科,2021Q2,2021,2,2021-06-30,reported_cumulative_ytd,233.9935,179.5944,10.0591,4.0556,-0.6824,11.9247,14.6926
000157.SZ,中联重科,2021Q3,2021,3,2021-09-30,reported_cumulative_ytd,119.7793,93.3682,7.5221,3.8791,-0.4109,9.3316,5.0487
000157.SZ,中联重科,2021Q4,2021,4,2021-12-31,reported_cumulative_ytd,127.0337,101.0945,6.6181,4.3858,0.7907,9.2721,-20.0974
000157.SZ,中联重科,2022Q1,2022,1,2022-03-31,reported_cumulative_ytd,100.1194,80.0247,4.9847,3.3598,-0.0577,4.3407,5.8999
000157.SZ,中联重科,2022Q2,2022,2,2022-06-30,reported_cumulative_ytd,112.8756,88.7068,6.5757,3.7428,-2.1059,6.8744,12.6732
000157.SZ,中联重科,2022Q3,2022,3,2022-09-30,reported_cumulative_ytd,93.4942,73.4811,7.2774,3.9937,-3.31,6.6877,-7.3136
000157.SZ,中联重科,2022Q4,2022,4,2022-12-31,reported_cumulative_ytd,109.8258,83.218,7.5159,4.6449,2.8212,7.172,12.9868
000157.SZ,中联重科,2023Q1,2023,1,2023-03-31,reported_cumulative_ytd,104.2551,76.7382,6.7684,3.7518,1.2392,6.4546,2.8597
000157.SZ,中联重科,2023Q2,2023,2,2023-06-30,reported_cumulative_ytd,136.4966,96.8547,10.1851,4.89,-2.2075,9.3996,6.452
000157.SZ,中联重科,2023Q3,2023,3,2023-09-30,reported_cumulative_ytd,114.3896,82.9762,8.7474,4.0369,-0.4814,9.8216,2.1106
000157.SZ,中联重科,2023Q4,2023,4,2023-12-31,reported_cumulative_ytd,115.6072,84.5241,9.8731,6.3569,-1.1549,8.7307,15.7031
000157.SZ,中联重科,2024Q1,2024,1,2024-03-31,reported_cumulative_ytd,117.7315,83.9967,8.6639,5.2717,0.5378,6.6544,3.0703
000157.SZ,中联重科,2024Q2,2024,2,2024-06-30,reported_cumulative_ytd,127.6235,91.8968,10.3544,6.3585,0.8497,6.4016,5.175
000157.SZ,中联重科,2024Q3,2024,3,2024-09-30,reported_cumulative_ytd,98.5024,70.4066,8.6318,5.4857,-1.4133,5.5178,3.8322
000157.SZ,中联重科,2024Q4,2024,4,2024-12-31,reported_cumulative_ytd,110.9245,80.3822,9.5572,5.3028,0.5898,9.1126,9.343
000157.SZ,中联重科,2025Q1,2025,1,2025-03-31,reported_cumulative_ytd,121.1691,86.4244,10.1432,4.9203,-0.8718,7.3039,7.3981
000157.SZ,中联重科,2025Q2,2025,2,2025-06-30,reported_cumulative_ytd,127.3773,92.1658,10.838,5.3058,-2.8334,6.8173,10.1197
000157.SZ,中联重科,2025Q3,2025,3,2025-09-30,reported_cumulative_ytd,123.0103,88.5633,9.9452,4.6298,2.4801,6.3337,11.1433
000333.SZ,美的集团,2021Q1,2021,1,2021-03-31,reported_cumulative_ytd,830.1712,635.2611,74.5693,24.0484,-0.960112,25.1969,85.5386
000333.SZ,美的集团,2021Q2,2021,2,2021-06-30,reported_cumulative_ytd,918.2978,699.1026,87.8423,18.4705,-1.361614,27.9494,116.2255
000333.SZ,美的集团,2021Q3,2021,3,2021-09-30,reported_cumulative_ytd,880.9569,657.0193,81.6399,32.0261,-1.027735,34.5029,77.2033
000333.SZ,美的集团,2021Q4,2021,4,2021-12-31,reported_cumulative_ytd,804.1824,653.877,42.422,28.1179,-1.03665,32.4998,71.9496
000333.SZ,美的集团,2022Q1,2022,1,2022-03-31,reported_cumulative_ytd,909.3882,703.3639,75.9988,23.8091,-1.15505,29.2662,79.7899
000333.SZ,美的集团,2022Q2,2022,2,2022-06-30,reported_cumulative_ytd,927.2458,700.8778,70.9849,25.7016,-0.5803680000000001,29.3842,134.1572
000333.SZ,美的集团,2022Q3,2022,3,2022-09-30,reported_cumulative_ytd,881.1166,661.0655,64.9834,30.9382,-0.3750369999999999,30.5148,80.7764
000333.SZ,美的集团,2022Q4,2022,4,2022-12-31,reported_cumulative_ytd,739.3365,540.0798,75.1941,35.3777,-1.277036,37.0199,51.8548
000333.SZ,美的集团,2023Q1,2023,1,2023-03-31,reported_cumulative_ytd,966.3618,731.2043,84.4403,28.0149,-0.710597,32.8242,92.7231
000333.SZ,美的集团,2023Q2,2023,2,2023-06-30,reported_cumulative_ytd,1011.5943,741.5592,86.8919,28.6891,-0.653064,33.2854,205.1236
000333.SZ,美的集团,2023Q3,2023,3,2023-09-30,reported_cumulative_ytd,945.8404,686.0006,82.1346,36.6667,-0.2979889999999999,34.0258,150.0238
000333.SZ,美的集团,2023Q4,2023,4,2023-12-31,reported_cumulative_ytd,813.3015,576.0495,95.342,41.3984,-1.600006,45.6978,131.1556
000333.SZ,美的集团,2024Q1,2024,1,2024-03-31,reported_cumulative_ytd,1064.8319,771.144,106.2981,33.1509,0.557258,35.9499,139.2891
000333.SZ,美的集团,2024Q2,2024,2,2024-06-30,reported_cumulative_ytd,1116.3865,812.932,108.2603,33.7871,-1.164151,40.6755,195.5926
000333.SZ,美的集团,2024Q3,2024,3,2024-09-30,reported_cumulative_ytd,1022.2795,752.2231,97.0719,36.6693,-2.374936,37.3896,267.7551
000333.SZ,美的集团,2024Q4,2024,4,2024-12-31,reported_cumulative_ytd,887.3448,659.5503,75.9062,41.4514,-0.347419,48.3128,2.4789
000333.SZ,美的集团,2025Q1,2025,1,2025-03-31,reported_cumulative_ytd,1284.2842,953.0729,118.7475,35.3661,-2.840004,43.4788,143.2097
000333.SZ,美的集团,2025Q2,2025,2,2025-06-30,reported_cumulative_ytd,1239.0307,914.7887,111.778,37.2001,-3.147736,44.1867,229.6005
000333.SZ,美的集团,2025Q3,2025,3,2025-09-30,reported_cumulative_ytd,1123.8458,823.3329,97.8275,37.1964,-0.761687,41.7792,197.8507
