record_id,patent_title,company_name,stock_code,assignee,grant_number,grant_date,patent_type,legal_status,ipc_code,technology_field,patent_abstract
1,一种内转子永磁电机的散热结构,神驰机电股份有限公司,,神驰机电股份有限公司,CN224006587U,2026-03-17,实用新型,授权,H02K9/06(2006.01);H02K5/20(2006.01);H02K5/04(2006.01),电子电气,"本发明涉及电子电气领域,提供了一种内转子永磁电机的散热结构。该技术方案通过优化设计和创新结构,提高了产品性能和可靠性,具有良好的应用前景。"
2,一种车载HUD图像晃动差值稳定校正方法,市英唐智能控制股份有限公司,,深圳市英唐智能控制股份有限公司,CN121147073B,2026-03-17,授权发明,授权,G06T5/80(2024.01),计算机技术,"本发明涉及计算机技术领域,提供了一种车载HUD图像晃动差值稳定校正方法。该方法通过算法优化和智能化处理,提升了系统效率和准确性,适用于多种应用场景。"
3,微粒载体加工装置,太仓斯迪克新材料科技有限公司,,"太仓斯迪克新材料科技有限公司,江苏斯迪克新材料科技股份有限公司",CN116099457B,2026-03-17,授权发明,授权,B01J8/02(2006.01);F26B21/20(2026.01);B01J8/00(2006.01);B01D29/03(2006.01);B01J37/02(2006.01);B01J37/08(2006.01);B01J35/50(2024.01),机械制造,"本发明涉及机械制造领域,提供了微粒载体加工装置。该装置通过结构创新和功能优化,提高了生产效率和产品质量,降低了生产成本。"
4,分布式训练方法、装置、设备及存储介质,安博通科技股份有限公司,,北京安博通科技股份有限公司,CN120654849B,2026-03-17,授权发明,授权,G06N20/00(2019.01);G06F9/50(2006.01),计算机技术,"本发明涉及计算机技术领域,提供了分布式训练方法、装置、设备及存储介质。该方法通过算法优化和智能化处理,提升了系统效率和准确性,适用于多种应用场景。"
5,一种一屏多显的功耗控制方法,市英唐智能控制股份有限公司,,深圳市英唐智能控制股份有限公司,CN121209819B,2026-03-17,授权发明,授权,G06F3/14(2006.01);G06F1/3218(2019.01);G06F1/3234(2019.01);G06F3/147(2006.01),计算机技术,"本发明涉及计算机技术领域,提供了一种一屏多显的功耗控制方法。该方法通过算法优化和智能化处理,提升了系统效率和准确性,适用于多种应用场景。"
6,基于伽马曲线提升FFS液晶显示画质的方法、设备及介质,市英唐智能控制股份有限公司,,深圳市英唐智能控制股份有限公司,CN120954355B,2026-03-17,授权发明,授权,G09G3/36(2006.01);G09G3/00(2006.01),显示技术,"本发明涉及显示技术领域,提供了基于伽马曲线提升FFS液晶显示画质的方法、设备及介质。该技术通过改进显示方案,提升了显示效果和用户体验,具有广泛的市场应用价值。"
7,主机失陷检测方法、装置及设备,安博通科技股份有限公司,,北京安博通科技股份有限公司,CN115695031B,2026-03-17,授权发明,授权,H04L9/40(2022.01);G06F18/213(2023.01),通信技术,"本发明涉及通信技术领域,提供了主机失陷检测方法、装置及设备。该技术方案通过协议优化和网络改进,提升了通信效率和系统稳定性。"
8,一种便于装配的内转子永磁电机,神驰机电股份有限公司,,神驰机电股份有限公司,CN223993604U,2026-03-13,实用新型,授权,H02K5/04(2006.01);H02K15/028(2025.01);H02K15/16(2025.01);H02K15/14(2025.01);H02K9/06(2006.01),电子电气,"本发明涉及电子电气领域,提供了一种便于装配的内转子永磁电机。该技术方案通过优化设计和创新结构,提高了产品性能和可靠性,具有良好的应用前景。"
9,高温定位胶带的制备方法,斯迪克新材料科技股份有限公司,,"江苏斯迪克新材料科技股份有限公司,太仓斯迪克新材料科技有限公司",CN117887385B,2026-03-10,授权发明,授权,C09J133/08(2006.01);C09J7/30(2018.01);C09J11/06(2006.01);C08F220/18(2006.01);C08F220/20(2006.01);C08F220/14(2006.01),化学材料,"本发明涉及化学材料领域,提供了高温定位胶带的制备方法。该制备方法通过优化工艺参数,提升了材料性能和生产效率,具有良好的经济效益。"
10,自由曲面光学镜片检测装置,明月镜片股份有限公司,,"明月镜片股份有限公司,中国科学院长春光学精密机械与物理研究所",CN223856423U,2026-01-30,实用新型,授权,G01B11/24(2006.01);B25B11/00(2006.01),光学技术,"本发明涉及光学技术领域,提供了自由曲面光学镜片检测装置。该装置通过精密光学设计,提高了检测精度和测量准确性,满足高标准应用需求。"
11,一种双屏一体化显示驱动芯片,市英唐智能控制股份有限公司,,深圳市英唐智能控制股份有限公司,CN223828209U,2026-01-23,实用新型,授权,G09G3/20(2006.01),显示技术,"本发明涉及显示技术领域,提供了一种双屏一体化显示驱动芯片。该技术通过改进显示方案,提升了显示效果和用户体验,具有广泛的市场应用价值。"
12,一种流量异常评估方法及装置、电子设备和存储介质,安博通科技股份有限公司,,北京安博通科技股份有限公司,CN116668080B,2026-01-20,授权发明,授权,H04L9/40(2022.01),通信技术,"本发明涉及通信技术领域,提供了一种流量异常评估方法及装置、电子设备和存储介质。该技术方案通过协议优化和网络改进,提升了通信效率和系统稳定性。"
13,一种旋钮信号识别校准方法、电子设备及存储介质,市英唐智能控制股份有限公司,,深圳市英唐智能控制股份有限公司,CN121026553B,2026-01-02,授权发明,授权,G01M13/00(2019.01);G06F18/20(2023.01);G01M17/007(2006.01),计算机技术,"本发明涉及计算机技术领域,提供了一种旋钮信号识别校准方法、电子设备及存储介质。该方法通过算法优化和智能化处理,提升了系统效率和准确性,适用于多种应用场景。"
14,一种曲轴箱体,重庆安来动力机械有限公司,,"重庆安来动力机械有限公司,神驰机电股份有限公司",CN115559826B,2026-01-02,授权发明,授权,F02F7/00(2006.01),其他,"本发明提供了一种曲轴箱体,通过技术创新和方案优化,解决了现有技术中的不足,具有良好的应用前景。"
15,一种户外开关柜的防护装置,广电电气（集团）股份有限公司,,上海广电电气（集团）股份有限公司,CN223744167U,2025-12-30,实用新型,授权,H02B1/28(2006.01);H02B1/30(2006.01);H02B1/32(2006.01),其他,"本发明提供了一种户外开关柜的防护装置,通过技术创新和方案优化,解决了现有技术中的不足,具有良好的应用前景。"
16,科研项目及物料全生命周期的管理系统及方法,同仁堂科技发展股份有限公司,,"北京同仁堂科技发展股份有限公司,北京同仁堂股份有限公司",CN119963125B,2025-12-26,授权发明,授权,G06Q10/10(2023.01);G06F16/21(2019.01);G06Q10/087(2023.01),计算机技术,"本发明涉及计算机技术领域,提供了科研项目及物料全生命周期的管理系统及方法。该方法通过算法优化和智能化处理,提升了系统效率和准确性,适用于多种应用场景。"
17,一种巴戟天寡糖5聚糖的制备方法,同仁堂股份有限公司,,北京同仁堂股份有限公司,CN116410243B,2025-12-23,授权发明,授权,C07H1/08(2006.01);C07H3/06(2006.01),其他,"本发明提供了一种巴戟天寡糖5聚糖的制备方法,通过技术创新和方案优化,解决了现有技术中的不足,具有良好的应用前景。"
18,一种远征诊脉器,同仁堂股份有限公司,,北京同仁堂股份有限公司,CN116369846B,2025-12-19,授权发明,授权,A61B5/00(2006.01);A61G15/00(2006.01);A61G15/10(2006.01);A61B5/0205(2006.01),其他,"本发明提供了一种远征诊脉器,通过技术创新和方案优化,解决了现有技术中的不足,具有良好的应用前景。"
19,抗红外膜及其制备方法、显示器,斯迪克新材料科技股份有限公司,,"江苏斯迪克新材料科技股份有限公司,太仓斯迪克新材料科技有限公司",CN116284937B,2025-12-12,授权发明,授权,C08J7/046(2020.01);C08J7/04(2020.01);C09D133/00(2006.01);C09D7/61(2018.01);C09D175/14(2006.01);C09D7/62(2018.01),其他,"本发明提供了抗红外膜及其制备方法、显示器,通过技术创新和方案优化,解决了现有技术中的不足,具有良好的应用前景。"
20,一种HUD图像显示校准方法、设备及存储介质,市英唐智能控制股份有限公司,,深圳市英唐智能控制股份有限公司,CN120897047B,2025-12-12,授权发明,授权,H04N13/327(2018.01);H04N13/383(2018.01),其他,"本发明提供了一种HUD图像显示校准方法、设备及存储介质,通过技术创新和方案优化,解决了现有技术中的不足,具有良好的应用前景。"
21,双屏幕显示装置,宸展光电（厦门）股份有限公司,,宸展光电（厦门）股份有限公司,CN223650941U,2025-12-09,实用新型,授权,G06F1/16(2006.01);G06F3/14(2006.01),计算机技术,"本发明涉及计算机技术领域,提供了双屏幕显示装置。该方法通过算法优化和智能化处理,提升了系统效率和准确性,适用于多种应用场景。"
22,一种汽油机的内部润滑冷却结构,重庆安来动力机械有限公司,,"重庆安来动力机械有限公司,神驰机电股份有限公司",CN116122933B,2025-12-02,授权发明,授权,F01M1/06(2006.01),其他,"本发明提供了一种汽油机的内部润滑冷却结构,通过技术创新和方案优化,解决了现有技术中的不足,具有良好的应用前景。"
23,消声器舱散热结构及变频机,重庆安来动力机械有限公司,,"重庆安来动力机械有限公司,神驰机电股份有限公司",CN116838453B,2025-12-02,授权发明,授权,F01N1/08(2006.01);F01P1/00(2006.01);F02B63/04(2006.01),其他,"本发明提供了消声器舱散热结构及变频机,通过技术创新和方案优化,解决了现有技术中的不足,具有良好的应用前景。"
24,一种动力空滤器,重庆安来动力机械有限公司,,"重庆安来动力机械有限公司,神驰机电股份有限公司",CN115596583B,2025-12-02,授权发明,授权,F02M35/024(2006.01),其他,"本发明提供了一种动力空滤器,通过技术创新和方案优化,解决了现有技术中的不足,具有良好的应用前景。"
25,ACL自动创建方法、装置、电子设备及存储介质,安博通科技股份有限公司,,北京安博通科技股份有限公司,CN120639495B,2025-12-02,授权发明,授权,H04L9/40(2022.01);H04L45/00(2022.01);H04L45/85(2022.01);H04L67/303(2022.01);H04L69/22(2022.01);H04L47/2425(2022.01),通信技术,"本发明涉及通信技术领域,提供了ACL自动创建方法、装置、电子设备及存储介质。该技术方案通过协议优化和网络改进,提升了通信效率和系统稳定性。"
26,转子铁芯、转子及发电机,神驰机电股份有限公司,,神驰机电股份有限公司,CN223625654U,2025-12-02,实用新型,授权,H02K1/32(2006.01);H02K1/26(2006.01),电子电气,"本发明涉及电子电气领域,提供了转子铁芯、转子及发电机。该技术方案通过优化设计和创新结构,提高了产品性能和可靠性,具有良好的应用前景。"
27,基于深度学习的潮湿模式触控识别模型建立方法,市英唐智能控制股份有限公司,,深圳市英唐智能控制股份有限公司,CN120744398B,2025-11-28,授权发明,授权,G06F18/20(2023.01);G06F18/213(2023.01);G06F18/22(2023.01);G06F18/23(2023.01);G06N3/0464(2023.01);G06N3/08(2023.01);G06F3/041(2006.01);G06F3/044(2006.01),计算机技术,"本发明涉及计算机技术领域,提供了基于深度学习的潮湿模式触控识别模型建立方法。该方法通过算法优化和智能化处理,提升了系统效率和准确性,适用于多种应用场景。"
28,防眩光抗反射光学膜,斯迪克新型材料（江苏）有限公司,,"斯迪克新型材料（江苏）有限公司,江苏斯迪克新材料科技股份有限公司",CN223611733U,2025-11-28,实用新型,授权,G02B1/11(2015.01);G02B1/14(2015.01),光学技术,"本发明涉及光学技术领域,提供了防眩光抗反射光学膜。该装置通过精密光学设计,提高了检测精度和测量准确性,满足高标准应用需求。"
29,一种相位同步电路及拓展的锁相环电路和延迟锁相环电路,市英唐智能控制股份有限公司,,深圳市英唐智能控制股份有限公司,CN120750346B,2025-11-21,授权发明,授权,H03L7/089(2006.01);H03L7/099(2006.01);H03L7/18(2006.01);H03L7/081(2006.01),其他,"本发明提供了一种相位同步电路及拓展的锁相环电路和延迟锁相环电路,通过技术创新和方案优化,解决了现有技术中的不足,具有良好的应用前景。"
30,低折射率光固化涂液、减反射膜及其制备方法,斯迪克新材料科技股份有限公司,,"江苏斯迪克新材料科技股份有限公司,太仓斯迪克新材料科技有限公司",CN117586657B,2025-11-18,授权发明,授权,C09D4/02(2006.01);G02B1/11(2015.01);G02B1/14(2015.01);C09D7/62(2018.01),光学技术,"本发明涉及光学技术领域,提供了低折射率光固化涂液、减反射膜及其制备方法。该装置通过精密光学设计,提高了检测精度和测量准确性,满足高标准应用需求。"
31,一种屏幕显示局部调光的方法,市英唐智能控制股份有限公司,,深圳市英唐智能控制股份有限公司,CN120748339B,2025-11-14,授权发明,授权,G09G3/34(2006.01),显示技术,"本发明涉及显示技术领域,提供了一种屏幕显示局部调光的方法。该技术通过改进显示方案,提升了显示效果和用户体验,具有广泛的市场应用价值。"
32,一种电容屏高精度手指触摸识别方法,市英唐智能控制股份有限公司,,深圳市英唐智能控制股份有限公司,CN120803338B,2025-11-14,授权发明,授权,G06F3/04883(2022.01);G06F3/041(2006.01);G06F3/044(2006.01);G06F18/27(2023.01);G06F18/213(2023.01),计算机技术,"本发明涉及计算机技术领域,提供了一种电容屏高精度手指触摸识别方法。该方法通过算法优化和智能化处理,提升了系统效率和准确性,适用于多种应用场景。"
33,一种偏光镜片的制造方法,明月镜片股份有限公司,,明月镜片股份有限公司,CN116198161B,2025-11-14,授权发明,授权,B29D11/00(2006.01),其他,"本发明提供了一种偏光镜片的制造方法,通过技术创新和方案优化,解决了现有技术中的不足,具有良好的应用前景。"
34,一种堆垛机存取卷料货物时的定位机构,东杰智能科技集团股份有限公司,,东杰智能科技集团股份有限公司,CN223521582U,2025-11-07,实用新型,授权,B65G1/04(2006.01);B65G1/137(2006.01),机械制造,"本发明涉及机械制造领域,提供了一种堆垛机存取卷料货物时的定位机构。该装置通过结构创新和功能优化,提高了生产效率和产品质量,降低了生产成本。"
35,一种高温库堆垛机的垂直及水平定位机构,东杰智能科技集团股份有限公司,,东杰智能科技集团股份有限公司,CN223521581U,2025-11-07,实用新型,授权,B65G1/04(2006.01);B65G1/137(2006.01),机械制造,"本发明涉及机械制造领域,提供了一种高温库堆垛机的垂直及水平定位机构。该装置通过结构创新和功能优化,提高了生产效率和产品质量,降低了生产成本。"
36,双抗UV减反射膜及其制备方法,斯迪克新材料科技股份有限公司,,江苏斯迪克新材料科技股份有限公司,CN119087558B,2025-10-28,授权发明,授权,G02B1/14(2015.01);G02B1/18(2015.01);G02B1/11(2015.01);G02B5/20(2006.01);G02B5/22(2006.01);C08J7/04(2020.01);C08J7/046(2020.01);C09D175/14(2006.01);C09D7/61(2018.01);C09D4/06(2006.01);C09D4/02(2006.01);C09D7/63(2018.01),光学技术,"本发明涉及光学技术领域,提供了双抗UV减反射膜及其制备方法。该装置通过精密光学设计,提高了检测精度和测量准确性,满足高标准应用需求。"
37,用于新能源电芯的耐电解液压敏胶、其制备方法、胶带及该胶带的测试方法,斯迪克新型材料（江苏）有限公司,,"斯迪克新型材料（江苏）有限公司,江苏斯迪克新材料科技股份有限公司",CN119081598B,2025-10-28,授权发明,授权,C09J133/12(2006.01);C09J7/28(2018.01);C09J7/38(2018.01);C08F220/18(2006.01);C08F220/14(2006.01);C08F220/06(2006.01);C08F230/08(2006.01);G01N27/26(2006.01);H01M10/058(2010.01);H01M10/0525(2010.01),电子电气,"本发明涉及电子电气领域,提供了用于新能源电芯的耐电解液压敏胶、其制备方法、胶带及该胶带的测试方法。该技术方案通过优化设计和创新结构,提高了产品性能和可靠性,具有良好的应用前景。"
38,光产碱型UV固化胶黏剂、绝缘膜及制备方法,斯迪克新型材料（江苏）有限公司,,"斯迪克新型材料（江苏）有限公司,江苏斯迪克新材料科技股份有限公司",CN119161831B,2025-10-28,授权发明,授权,C09J133/08(2006.01);C09J163/00(2006.01);C09J11/06(2006.01);C09J7/30(2018.01),化学材料,"本发明涉及化学材料领域,提供了光产碱型UV固化胶黏剂、绝缘膜及制备方法。该制备方法通过优化工艺参数,提升了材料性能和生产效率,具有良好的经济效益。"
39,低表面粗糙度PET离型膜基膜及其制备方法,斯迪克新材料科技股份有限公司,,江苏斯迪克新材料科技股份有限公司,CN117922137B,2025-10-28,授权发明,授权,B32B27/36(2006.01);B32B27/08(2006.01);B32B27/18(2006.01);B32B38/00(2006.01);B29C48/00(2019.01);B29C48/18(2019.01);B29C48/07(2019.01);C08L67/02(2006.01);C08G63/183(2006.01);C08K3/22(2006.01);C08K3/36(2006.01);C08K9/04(2006.01),其他,"本发明提供了低表面粗糙度PET离型膜基膜及其制备方法,通过技术创新和方案优化,解决了现有技术中的不足,具有良好的应用前景。"
40,基于电容信号值比对学习的手套触控识别方法,市英唐智能控制股份有限公司,,深圳市英唐智能控制股份有限公司,CN120631185B,2025-10-24,授权发明,授权,G06F3/01(2006.01);G06F3/044(2006.01);G06F18/213(2023.01);G06F18/22(2023.01);G06V10/74(2022.01),计算机技术,"本发明涉及计算机技术领域,提供了基于电容信号值比对学习的手套触控识别方法。该方法通过算法优化和智能化处理,提升了系统效率和准确性,适用于多种应用场景。"
41,入侵防御系统IPS规则的部署方法、装置以及处理设备,安博通科技股份有限公司,,北京安博通科技股份有限公司,CN115834241B,2025-10-17,授权发明,授权,H04L9/40(2022.01),通信技术,"本发明涉及通信技术领域,提供了入侵防御系统IPS规则的部署方法、装置以及处理设备。该技术方案通过协议优化和网络改进,提升了通信效率和系统稳定性。"
42,一种活门联锁改进装置,广电电气（集团）股份有限公司,,上海广电电气（集团）股份有限公司,CN223428013U,2025-10-10,实用新型,授权,H02B11/133(2006.01);H02B11/167(2006.01);H01H9/22(2006.01),其他,"本发明提供了一种活门联锁改进装置,通过技术创新和方案优化,解决了现有技术中的不足,具有良好的应用前景。"
43,用于移动电源的带操作功能的图形用户界面,神驰机电股份有限公司,,神驰机电股份有限公司,CN309529619S,2025-10-03,外观设计,授权,13-02(15);14-04(15),其他,"本发明提供了用于移动电源的带操作功能的图形用户界面,通过技术创新和方案优化,解决了现有技术中的不足,具有良好的应用前景。"
44,耐电解液热熔胶及其制备方法,斯迪克新材料科技股份有限公司,,"江苏斯迪克新材料科技股份有限公司,太仓斯迪克新材料科技有限公司",CN116640533B,2025-09-30,授权发明,授权,C09J123/06(2006.01);C09J157/02(2006.01);C09J11/08(2006.01);C09J11/04(2006.01);C09J11/06(2006.01),化学材料,"本发明涉及化学材料领域,提供了耐电解液热熔胶及其制备方法。该制备方法通过优化工艺参数,提升了材料性能和生产效率,具有良好的经济效益。"
45,用于电芯保护的耐高温高剪切UV蓝膜胶黏剂及蓝膜,斯迪克新材料科技股份有限公司,,"江苏斯迪克新材料科技股份有限公司,太仓斯迪克新材料科技有限公司",CN117050691B,2025-09-26,授权发明,授权,C09J133/08(2006.01);C09J163/00(2006.01);C09J167/00(2006.01);C09J11/06(2006.01);C09J7/30(2018.01),化学材料,"本发明涉及化学材料领域,提供了用于电芯保护的耐高温高剪切UV蓝膜胶黏剂及蓝膜。该制备方法通过优化工艺参数,提升了材料性能和生产效率,具有良好的经济效益。"
46,一种大蜜丸整形冷却装置,同仁堂股份有限公司,,北京同仁堂股份有限公司,CN116392393B,2025-09-26,授权发明,授权,A61J3/06(2006.01);F25D31/00(2006.01),其他,"本发明提供了一种大蜜丸整形冷却装置,通过技术创新和方案优化,解决了现有技术中的不足,具有良好的应用前景。"
47,在高落差分拣线上对布料卷筒实施柔性阻挡的机构,东杰智能科技集团股份有限公司,,东杰智能科技集团股份有限公司,CN116902455B,2025-09-16,授权发明,授权,B65G1/04(2006.01);B65G43/08(2006.01);B65G47/22(2006.01),机械制造,"本发明涉及机械制造领域,提供了在高落差分拣线上对布料卷筒实施柔性阻挡的机构。该装置通过结构创新和功能优化,提高了生产效率和产品质量,降低了生产成本。"
48,一种低空间内使用的双立柱堆垛机,东杰智能科技集团股份有限公司,,东杰智能科技集团股份有限公司,CN223342339U,2025-09-16,实用新型,授权,B66F9/07(2006.01);B66F9/24(2006.01);B66D3/08(2006.01);B66F9/075(2006.01),其他,"本发明提供了一种低空间内使用的双立柱堆垛机,通过技术创新和方案优化,解决了现有技术中的不足,具有良好的应用前景。"
49,MLCC用低硅离型剂、其制备方法及离型膜,斯迪克新材料科技股份有限公司,,"江苏斯迪克新材料科技股份有限公司,东南大学,南京工程学院",CN117210084B,2025-09-09,授权发明,授权,C09D161/28(2006.01);C09D183/10(2006.01);C09D5/20(2006.01);C09D7/63(2018.01);C08J7/04(2020.01);C08L67/02(2006.01),其他,"本发明提供了MLCC用低硅离型剂、其制备方法及离型膜,通过技术创新和方案优化,解决了现有技术中的不足,具有良好的应用前景。"
50,一种内网网段探测的防御方法、装置以及处理设备,安博通科技股份有限公司,,北京安博通科技股份有限公司,CN116319041B,2025-09-09,授权发明,授权,H04L9/40(2022.01),通信技术,"本发明涉及通信技术领域,提供了一种内网网段探测的防御方法、装置以及处理设备。该技术方案通过协议优化和网络改进,提升了通信效率和系统稳定性。"
51,一种自动装配线上用的轮胎输送吊具,东杰智能科技集团股份有限公司,,东杰智能科技集团股份有限公司,CN223316258U,2025-09-09,实用新型,授权,B66C1/22(2006.01),其他,"本发明提供了一种自动装配线上用的轮胎输送吊具,通过技术创新和方案优化,解决了现有技术中的不足,具有良好的应用前景。"
52,一种冷库内堆垛机拖链接头的加固机构,东杰智能科技集团股份有限公司,,东杰智能科技集团股份有限公司,CN223316358U,2025-09-09,实用新型,授权,B66F9/075(2006.01);F16G13/16(2006.01);F16G15/00(2006.01),其他,"本发明提供了一种冷库内堆垛机拖链接头的加固机构,通过技术创新和方案优化,解决了现有技术中的不足,具有良好的应用前景。"
53,胶带卷的加工装置,斯迪克新材料科技股份有限公司,,"江苏斯迪克新材料科技股份有限公司,太仓斯迪克新材料科技有限公司",CN116924127B,2025-08-29,授权发明,授权,B65H19/30(2006.01);B08B1/16(2024.01);B08B1/20(2024.01);B08B1/52(2024.01);B08B13/00(2006.01);B65H18/04(2006.01),机械制造,"本发明涉及机械制造领域,提供了胶带卷的加工装置。该装置通过结构创新和功能优化,提高了生产效率和产品质量,降低了生产成本。"
54,用于薄膜生产的加工设备,斯迪克新材料科技股份有限公司,,"江苏斯迪克新材料科技股份有限公司,太仓斯迪克新材料科技有限公司",CN116062529B,2025-08-26,授权发明,授权,B65H29/52(2006.01);B65H23/34(2006.01);B65H29/26(2006.01);B65H31/10(2006.01);B65H31/30(2006.01),机械制造,"本发明涉及机械制造领域,提供了用于薄膜生产的加工设备。该装置通过结构创新和功能优化,提高了生产效率和产品质量,降低了生产成本。"
55,保护膜加工装置,斯迪克新材料科技股份有限公司,,"江苏斯迪克新材料科技股份有限公司,太仓斯迪克新材料科技有限公司",CN116922462B,2025-08-26,授权发明,授权,B26D1/06(2006.01);B26D7/20(2006.01);B26D7/08(2006.01);B26D7/18(2006.01);B65H20/10(2006.01),机械制造,"本发明涉及机械制造领域,提供了保护膜加工装置。该装置通过结构创新和功能优化,提高了生产效率和产品质量,降低了生产成本。"
56,低粗糙度、低硅MLCC离型剂及MLCC离型膜,斯迪克新材料科技股份有限公司,,"江苏斯迪克新材料科技股份有限公司,东南大学,南京工程学院",CN117247723B,2025-08-19,授权发明,授权,C09D167/08(2006.01);C09D5/20(2006.01);C09D7/65(2018.01);C08J7/04(2020.01);C08L67/02(2006.01),其他,"本发明提供了低粗糙度、低硅MLCC离型剂及MLCC离型膜,通过技术创新和方案优化,解决了现有技术中的不足,具有良好的应用前景。"
57,一种定子接线结构以及电机,神驰机电股份有限公司,,神驰机电股份有限公司,CN223230962U,2025-08-15,实用新型,授权,H02K3/50(2006.01),电子电气,"本发明涉及电子电气领域,提供了一种定子接线结构以及电机。该技术方案通过优化设计和创新结构,提高了产品性能和可靠性,具有良好的应用前景。"
58,一种定子冲片以及电机,神驰机电股份有限公司,,神驰机电股份有限公司,CN223218891U,2025-08-12,实用新型,授权,H02K1/16(2006.01),电子电气,"本发明涉及电子电气领域,提供了一种定子冲片以及电机。该技术方案通过优化设计和创新结构,提高了产品性能和可靠性,具有良好的应用前景。"
59,一种结构简单紧凑的大行程侧顶机,东杰智能科技集团股份有限公司,,东杰智能科技集团股份有限公司,CN116281723B,2025-08-08,授权发明,授权,B66F7/06(2006.01);B66F7/28(2006.01);B23K37/00(2025.01),其他,"本发明提供了一种结构简单紧凑的大行程侧顶机,通过技术创新和方案优化,解决了现有技术中的不足,具有良好的应用前景。"
60,椭圆形触摸装置,市英唐智能控制股份有限公司,,深圳市英唐智能控制股份有限公司,CN223205845U,2025-08-08,实用新型,授权,G06F3/041(2006.01),计算机技术,"本发明涉及计算机技术领域,提供了椭圆形触摸装置。该方法通过算法优化和智能化处理,提升了系统效率和准确性,适用于多种应用场景。"
61,智能车库中进车室与停车位间的充电桩插头自动转接装置,东杰智能科技集团股份有限公司,,东杰智能科技集团股份有限公司,CN117284125B,2025-08-05,授权发明,授权,B60L53/35(2019.01);B60L53/16(2019.01),其他,"本发明提供了智能车库中进车室与停车位间的充电桩插头自动转接装置,通过技术创新和方案优化,解决了现有技术中的不足,具有良好的应用前景。"
62,在高落差分拣线上对布料卷筒实施柔性阻挡的方法,东杰智能科技集团股份有限公司,,东杰智能科技集团股份有限公司,CN117125386B,2025-08-05,授权发明,授权,B65G1/04(2006.01);B65G43/08(2006.01);B65G47/22(2006.01),机械制造,"本发明涉及机械制造领域,提供了在高落差分拣线上对布料卷筒实施柔性阻挡的方法。该装置通过结构创新和功能优化,提高了生产效率和产品质量,降低了生产成本。"
63,一种自动引导运输车用的驱动装置,东杰智能科技集团股份有限公司,,东杰智能科技集团股份有限公司,CN117068270B,2025-08-05,授权发明,授权,B62D21/18(2006.01);B62D23/00(2006.01);B62D27/04(2006.01);B60K7/00(2006.01);B60P9/00(2006.01),其他,"本发明提供了一种自动引导运输车用的驱动装置,通过技术创新和方案优化,解决了现有技术中的不足,具有良好的应用前景。"
64,巷道式堆垛机行走轮组的在线快速更换方法,东杰智能科技集团股份有限公司,,东杰智能科技集团股份有限公司,CN116002569B,2025-08-01,授权发明,授权,B66F9/07(2006.01);B66F9/075(2006.01),其他,"本发明提供了巷道式堆垛机行走轮组的在线快速更换方法,通过技术创新和方案优化,解决了现有技术中的不足,具有良好的应用前景。"
65,锂电池库轻型堆垛机防坠落机构,东杰智能科技集团股份有限公司,,东杰智能科技集团股份有限公司,CN113582085B,2025-08-01,授权发明,授权,B66F9/06(2006.01);B66F9/075(2006.01);B66F17/00(2006.01);B65G1/04(2006.01),机械制造,"本发明涉及机械制造领域,提供了锂电池库轻型堆垛机防坠落机构。该装置通过结构创新和功能优化,提高了生产效率和产品质量,降低了生产成本。"
66,高落差分拣线上防跑偏的布料纸筒柔性阻挡方法,东杰智能科技集团股份有限公司,,东杰智能科技集团股份有限公司,CN116986181B,2025-08-01,授权发明,授权,B65G1/04(2006.01);B65G47/22(2006.01);B65G47/74(2006.01);B65G65/40(2006.01),机械制造,"本发明涉及机械制造领域,提供了高落差分拣线上防跑偏的布料纸筒柔性阻挡方法。该装置通过结构创新和功能优化,提高了生产效率和产品质量,降低了生产成本。"
67,重载输送线使用的紧凑型嵌入式电动举升装置,东杰智能科技集团股份有限公司,,东杰智能科技集团股份有限公司,CN223163128U,2025-07-29,实用新型,授权,B66F7/12(2006.01);B66F7/28(2006.01),其他,"本发明提供了重载输送线使用的紧凑型嵌入式电动举升装置,通过技术创新和方案优化,解决了现有技术中的不足,具有良好的应用前景。"
68,一种热套铸铝转子结构及电机,神驰机电股份有限公司,,神驰机电股份有限公司,CN223141637U,2025-07-22,实用新型,授权,H02K1/28(2006.01);H02K15/021(2025.01);H02K15/40(2025.01);H02K15/90(2025.01),电子电气,"本发明涉及电子电气领域,提供了一种热套铸铝转子结构及电机。该技术方案通过优化设计和创新结构,提高了产品性能和可靠性,具有良好的应用前景。"
69,一种永磁水冷发电机外壳,神驰机电股份有限公司,,神驰机电股份有限公司,CN223066916U,2025-07-04,实用新型,授权,H02K5/20(2006.01);H02K5/18(2006.01);H02K9/19(2006.01),电子电气,"本发明涉及电子电气领域,提供了一种永磁水冷发电机外壳。该技术方案通过优化设计和创新结构,提高了产品性能和可靠性,具有良好的应用前景。"
70,永磁转子磁材固定结构及永磁转子,神驰机电股份有限公司,,神驰机电股份有限公司,CN223066885U,2025-07-04,实用新型,授权,H02K1/28(2006.01);H02K1/32(2006.01);H02K5/18(2006.01);H02K5/20(2006.01);H02K9/22(2006.01),电子电气,"本发明涉及电子电气领域,提供了永磁转子磁材固定结构及永磁转子。该技术方案通过优化设计和创新结构,提高了产品性能和可靠性,具有良好的应用前景。"
71,一种薄膜切割除尘设备,斯迪克新材料科技股份有限公司,,"江苏斯迪克新材料科技股份有限公司,太仓斯迪克新材料科技有限公司",CN223013346U,2025-06-24,实用新型,授权,B26D7/18(2006.01),其他,"本发明提供了一种薄膜切割除尘设备,通过技术创新和方案优化,解决了现有技术中的不足,具有良好的应用前景。"
72,一种可调式开关柜用低位转运车,广电电气（集团）股份有限公司,,上海广电电气（集团）股份有限公司,CN223023908U,2025-06-24,实用新型,授权,H02B3/00(2006.01);H02B1/52(2006.01),其他,"本发明提供了一种可调式开关柜用低位转运车,通过技术创新和方案优化,解决了现有技术中的不足,具有良好的应用前景。"
73,一种以激光光路控制的电动移动门监控系统,广电电气（集团）股份有限公司,,上海广电电气（集团）股份有限公司,CN116434412B,2025-06-24,授权发明,授权,G07C9/37(2020.01);G08B13/08(2006.01);G08B7/06(2006.01),其他,"本发明提供了一种以激光光路控制的电动移动门监控系统,通过技术创新和方案优化,解决了现有技术中的不足,具有良好的应用前景。"
74,一种电动接地开关与断路器的两段式联锁装置,广电电气（集团）股份有限公司,,上海广电电气（集团）股份有限公司,CN115440533B,2025-06-24,授权发明,授权,H01H31/08(2006.01);H01H71/10(2006.01);H01H3/28(2006.01),其他,"本发明提供了一种电动接地开关与断路器的两段式联锁装置,通过技术创新和方案优化,解决了现有技术中的不足,具有良好的应用前景。"
75,一种优化电机斜极的转子片及电机,神驰机电股份有限公司,,神驰机电股份有限公司,CN222996316U,2025-06-17,实用新型,授权,H02K1/32(2006.01);H02K1/28(2006.01);H02K9/06(2006.01),电子电气,"本发明涉及电子电气领域,提供了一种优化电机斜极的转子片及电机。该技术方案通过优化设计和创新结构,提高了产品性能和可靠性,具有良好的应用前景。"
76,一种焦度计,大连鉴影光学科技有限公司,,"大连鉴影光学科技有限公司,明月镜片股份有限公司",CN222979038U,2025-06-13,实用新型,专利权转移,G01M11/02(2006.01),其他,"本发明提供了一种焦度计,通过技术创新和方案优化,解决了现有技术中的不足,具有良好的应用前景。"
77,一种用于检测镜片的微透镜区域的检测装置,大连鉴影光学科技有限公司,,"大连鉴影光学科技有限公司,明月镜片股份有限公司",CN222979039U,2025-06-13,实用新型,专利权转移,G01M11/02(2006.01),其他,"本发明提供了一种用于检测镜片的微透镜区域的检测装置,通过技术创新和方案优化,解决了现有技术中的不足,具有良好的应用前景。"
78,一种双面复合微透镜密集阵近视防控镜片及其加热模压成型装备和成型工艺,明月镜片股份有限公司,,"明月镜片股份有限公司,南京工程学院",CN116061417B,2025-06-13,授权发明,授权,B29C51/08(2006.01);G02C7/02(2006.01);B29C51/30(2006.01);B29C51/42(2006.01);B29C51/46(2006.01);B29C69/00(2006.01),光学技术,"本发明涉及光学技术领域,提供了一种双面复合微透镜密集阵近视防控镜片及其加热模压成型装备和成型工艺。该装置通过精密光学设计,提高了检测精度和测量准确性,满足高标准应用需求。"
79,一种通用型电池包转运托盘,东杰智能科技集团股份有限公司,,东杰智能科技集团股份有限公司,CN222960263U,2025-06-10,实用新型,授权,B65D19/38(2006.01);B65D19/26(2006.01);B65D85/88(2006.01),机械制造,"本发明涉及机械制造领域,提供了一种通用型电池包转运托盘。该装置通过结构创新和功能优化,提高了生产效率和产品质量,降低了生产成本。"
80,一种四点吊带式移行升降吊具机构,东杰智能科技集团股份有限公司,,东杰智能科技集团股份有限公司,CN222961013U,2025-06-10,实用新型,授权,B66C11/12(2006.01);B66C11/16(2006.01),其他,"本发明提供了一种四点吊带式移行升降吊具机构,通过技术创新和方案优化,解决了现有技术中的不足,具有良好的应用前景。"
81,一种汽车涂装电泳橇体上的车身锁紧机构,东杰智能科技集团股份有限公司,,东杰智能科技集团股份有限公司,CN222961579U,2025-06-10,实用新型,授权,C25D13/12(2006.01);C25D13/22(2006.01),其他,"本发明提供了一种汽车涂装电泳橇体上的车身锁紧机构,通过技术创新和方案优化,解决了现有技术中的不足,具有良好的应用前景。"
82,一种可散热转子及发电机,神驰机电股份有限公司,,神驰机电股份有限公司,CN222940601U,2025-06-03,实用新型,授权,H02K1/32(2006.01);H02K9/06(2006.01);H02K5/18(2006.01);H02K3/24(2006.01);H02K5/20(2006.01);H02K9/02(2006.01),电子电气,"本发明涉及电子电气领域,提供了一种可散热转子及发电机。该技术方案通过优化设计和创新结构,提高了产品性能和可靠性,具有良好的应用前景。"
83,一种永磁电机的散热结构及电机,神驰机电股份有限公司,,神驰机电股份有限公司,CN222940663U,2025-06-03,实用新型,授权,H02K9/06(2006.01);H02K5/20(2006.01);H02K1/20(2006.01);H02K1/32(2006.01);H02K3/24(2006.01);H02K7/02(2006.01),电子电气,"本发明涉及电子电气领域,提供了一种永磁电机的散热结构及电机。该技术方案通过优化设计和创新结构,提高了产品性能和可靠性,具有良好的应用前景。"
84,一种永磁电机的散热结构,神驰机电股份有限公司,,神驰机电股份有限公司,CN222928202U,2025-05-30,实用新型,授权,H02K5/20(2006.01);H02K9/06(2006.01);H02K1/20(2006.01);H02K1/32(2006.01),电子电气,"本发明涉及电子电气领域,提供了一种永磁电机的散热结构。该技术方案通过优化设计和创新结构,提高了产品性能和可靠性,具有良好的应用前景。"
85,一种重载辊筒输送机上输送货物的纠偏机构,东杰智能科技集团股份有限公司,,东杰智能科技集团股份有限公司,CN222833572U,2025-05-06,实用新型,授权,B65G47/244(2006.01),机械制造,"本发明涉及机械制造领域,提供了一种重载辊筒输送机上输送货物的纠偏机构。该装置通过结构创新和功能优化,提高了生产效率和产品质量,降低了生产成本。"
86,可实现精确定位的钢卷上料用AGV,东杰智能科技集团股份有限公司,,东杰智能科技集团股份有限公司,CN222830382U,2025-05-06,实用新型,授权,B21C47/24(2006.01);B21C51/00(2006.01),其他,"本发明提供了可实现精确定位的钢卷上料用AGV,通过技术创新和方案优化,解决了现有技术中的不足,具有良好的应用前景。"
87,一种AGV用钢卷上料转接托盘,东杰智能科技集团股份有限公司,,东杰智能科技集团股份有限公司,CN222833235U,2025-05-06,实用新型,授权,B65D19/38(2006.01);B65D25/24(2006.01);B65D25/10(2006.01);B65D19/06(2006.01),机械制造,"本发明涉及机械制造领域,提供了一种AGV用钢卷上料转接托盘。该装置通过结构创新和功能优化,提高了生产效率和产品质量,降低了生产成本。"
88,堆垛机货叉防撞检测电信号的有线传送系统,东杰智能科技集团股份有限公司,,东杰智能科技集团股份有限公司,CN222833947U,2025-05-06,实用新型,授权,B66F9/075(2006.01);B66F9/12(2006.01);B66F9/07(2006.01);B66F9/24(2006.01);B66F17/00(2006.01),其他,"本发明提供了堆垛机货叉防撞检测电信号的有线传送系统,通过技术创新和方案优化,解决了现有技术中的不足,具有良好的应用前景。"
89,一种AGV用钢卷上料定位检测装置,东杰智能科技集团股份有限公司,,东杰智能科技集团股份有限公司,CN222830383U,2025-05-06,实用新型,授权,B21C47/24(2006.01);B21C51/00(2006.01),其他,"本发明提供了一种AGV用钢卷上料定位检测装置,通过技术创新和方案优化,解决了现有技术中的不足,具有良好的应用前景。"
90,横向传送布料卷筒的高节拍立体分流出货系统,东杰智能科技集团股份有限公司,,东杰智能科技集团股份有限公司,CN114955347B,2025-05-06,授权发明,授权,B65G1/04(2006.01);B65G47/82(2006.01);B65G47/71(2006.01);B65G47/248(2006.01);B07C5/36(2006.01),机械制造,"本发明涉及机械制造领域,提供了横向传送布料卷筒的高节拍立体分流出货系统。该装置通过结构创新和功能优化,提高了生产效率和产品质量,降低了生产成本。"
91,自动化辊筒输送线上的在线连箱拆分机构,东杰智能科技集团股份有限公司,,东杰智能科技集团股份有限公司,CN222833445U,2025-05-06,实用新型,授权,B65G13/07(2006.01);B65G43/08(2006.01);B65G47/29(2006.01),机械制造,"本发明涉及机械制造领域,提供了自动化辊筒输送线上的在线连箱拆分机构。该装置通过结构创新和功能优化,提高了生产效率和产品质量,降低了生产成本。"
92,一种隔离开关自动隔离装置,通用广电工程有限公司,,"上海通用广电工程有限公司,上海广电电气（集团）股份有限公司",CN111477474B,2025-05-02,授权发明,授权,H01H1/50(2006.01);H01H31/02(2006.01);H01H3/02(2006.01);H01H3/46(2006.01),其他,"本发明提供了一种隔离开关自动隔离装置,通过技术创新和方案优化,解决了现有技术中的不足,具有良好的应用前景。"
93,分液漏斗架,同仁堂股份有限公司,,北京同仁堂股份有限公司,CN222766363U,2025-04-18,实用新型,授权,B01L9/00(2006.01),其他,"本发明提供了分液漏斗架,通过技术创新和方案优化,解决了现有技术中的不足,具有良好的应用前景。"
94,一种双RJ45接口通讯装置,广电电气（集团）股份有限公司,,上海广电电气（集团）股份有限公司,CN222775694U,2025-04-18,实用新型,授权,H01R13/629(2006.01);H01R13/627(2006.01);H01R13/631(2006.01);H01R24/64(2011.01),其他,"本发明提供了一种双RJ45接口通讯装置,通过技术创新和方案优化,解决了现有技术中的不足,具有良好的应用前景。"
95,叠合结构及使用其的触控显示装置,宸展光电（厦门）股份有限公司,,宸展光电（厦门）股份有限公司,CN222774827U,2025-04-18,实用新型,授权,G06F3/041(2006.01),计算机技术,"本发明涉及计算机技术领域,提供了叠合结构及使用其的触控显示装置。该方法通过算法优化和智能化处理,提升了系统效率和准确性,适用于多种应用场景。"
96,一种铁盒上盖包装品理料装置,同仁堂股份有限公司,,北京同仁堂股份有限公司,CN222770130U,2025-04-18,实用新型,授权,B65G43/08(2006.01);B65G47/91(2006.01);B65G47/24(2006.01),机械制造,"本发明涉及机械制造领域,提供了一种铁盒上盖包装品理料装置。该装置通过结构创新和功能优化,提高了生产效率和产品质量,降低了生产成本。"
97,分体夹持举升式汽车搬运器及其夹持举升汽车方法,东杰智能科技集团股份有限公司,,"东杰智能科技集团股份有限公司,东杰海登(常州)科技有限公司",CN111485751B,2025-04-08,授权发明,专利权转移,E04H6/36(2006.01);E04H6/42(2006.01),建筑工程,"本发明涉及建筑工程领域,提供了分体夹持举升式汽车搬运器及其夹持举升汽车方法。该结构通过优化设计,提升了建筑安全性和使用便利性。"
98,演示道具（标准版-轻松控系列）,明月镜片股份有限公司,,明月镜片股份有限公司,CN309225955S,2025-04-08,外观设计,授权,20-02(15),其他,"本发明提供了演示道具（标准版-轻松控系列）,通过技术创新和方案优化,解决了现有技术中的不足,具有良好的应用前景。"
99,展示道具（标准版-1.71系列）,明月镜片股份有限公司,,明月镜片股份有限公司,CN309225959S,2025-04-08,外观设计,授权,20-02(14),其他,"本发明提供了展示道具（标准版-1.71系列）,通过技术创新和方案优化,解决了现有技术中的不足,具有良好的应用前景。"
100,演示道具（标准版-双重防蓝光系列）,明月镜片股份有限公司,,明月镜片股份有限公司,CN309225958S,2025-04-08,外观设计,授权,20-02(14),其他,"本发明提供了演示道具（标准版-双重防蓝光系列）,通过技术创新和方案优化,解决了现有技术中的不足,具有良好的应用前景。"
101,一种缓释药物递送系统,药明康德,603259,药明康德,CN895285932U,2024-04-02,授权发明,专利权维持,A61K,生物医药,本发明涉及生物医药领域，具体涉及一种缓释药物递送系统。该发明通过创新的算法设计，实现了更优的用户体验，具有效率高、能耗低的优点。实验结果表明，该发明能够显著提高系统性能，为工业生产提供了新的技术方案。
102,一种心肌细胞细胞培养方法及装置,爱尔眼科,300015,爱尔眼科,CN853041955U,2023-02-24,授权发明,专利权维持,A61P,生物医药,本发明涉及生物医药领域，具体涉及一种心肌细胞细胞培养方法及装置。该发明通过智能化的控制策略，实现了更好的性能和稳定性，具有效率高、能耗低的优点。实验结果表明，该发明能够显著增强系统稳定性，为智能制造提供了新的技术方案。
103,一种纳米药物递送系统,迈瑞医疗,300760,迈瑞医疗,CN209747451A,2023-11-15,授权发明,专利权维持,C07K,生物医药,本发明涉及生物医药领域，具体涉及一种纳米药物递送系统。该发明通过智能化的控制策略，实现了更高的准确率和效率，具有适应性强、易于实施的优点。实验结果表明，该发明能够大幅提升用户体验，为能源管理提供了新的技术方案。
104,一种干细胞细胞培养方法及装置,恒瑞医药,600276,恒瑞医药,CN774996843U,2025-02-14,授权发明,专利权维持,C07K,生物医药,本发明涉及生物医药领域，具体涉及一种干细胞细胞培养方法及装置。该发明通过先进的材料选择，实现了更优的用户体验，具有性能优异、可靠性高的优点。实验结果表明，该发明能够显著提高系统性能，为工业生产提供了新的技术方案。
105,基于荧光成像的癌症诊断系统及方法,智飞生物,300122,智飞生物,CN274648506B,2024-07-23,授权发明,专利权转移,A61K,生物医药,本发明涉及生物医药领域，具体涉及基于荧光成像的癌症诊断系统及方法。该发明通过先进的材料选择，实现了更好的性能和稳定性，具有适应性强、易于实施的优点。实验结果表明，该发明能够显著提高系统性能，为能源管理提供了新的技术方案。
106,用于阿尔茨海默病早期筛查的生物标志物及其应用,爱尔眼科,300015,爱尔眼科,CN698020238A,2024-07-06,外观设计,专利权维持,A61P,生物医药,本发明涉及生物医药领域，具体涉及用于阿尔茨海默病早期筛查的生物标志物及其应用。该发明通过先进的材料选择，实现了更高的准确率和效率，具有性能优异、可靠性高的优点。实验结果表明，该发明能够显著提高系统性能，为智能制造提供了新的技术方案。
107,基于质谱分析的帕金森病诊断系统及方法,智飞生物,300122,智飞生物,CN790256940B,2024-03-11,实用新型,专利权维持,A61K,生物医药,本发明涉及生物医药领域，具体涉及基于质谱分析的帕金森病诊断系统及方法。该发明通过优化的结构设计，实现了更低的成本和能耗，具有性能优异、可靠性高的优点。实验结果表明，该发明能够有效降低生产成本，为能源管理提供了新的技术方案。
108,用于帕金森病早期筛查的生物标志物及其应用,智飞生物,300122,智飞生物,CN248532577U,2025-03-28,授权发明,专利权质押,A61B,生物医药,本发明涉及生物医药领域，具体涉及用于帕金森病早期筛查的生物标志物及其应用。该发明通过智能化的控制策略，实现了更高的准确率和效率，具有结构简单、成本低廉的优点。实验结果表明，该发明能够显著提高系统性能，为医疗诊断提供了新的技术方案。
109,一种用于治疗阿尔茨海默病的小分子药物及其制备方法,华兰生物,002007,华兰生物,CN112327652U,2025-08-16,授权发明,专利权质押,A61B,生物医药,本发明涉及生物医药领域，具体涉及一种用于治疗阿尔茨海默病的小分子药物及其制备方法。该发明通过创新的算法设计，实现了更优的用户体验，具有适应性强、易于实施的优点。实验结果表明，该发明能够大幅提升用户体验，为工业生产提供了新的技术方案。
110,用于癌症早期筛查的生物标志物及其应用,华兰生物,002007,华兰生物,CN645119047A,2024-06-23,外观设计,专利权维持,A61P,生物医药,本发明涉及生物医药领域，具体涉及用于癌症早期筛查的生物标志物及其应用。该发明通过先进的材料选择，实现了更优的用户体验，具有智能化程度高、操作便捷的优点。实验结果表明，该发明能够有效降低生产成本，为医疗诊断提供了新的技术方案。
111,一种干细胞细胞培养方法及装置,迈瑞医疗,300760,迈瑞医疗,CN489747629B,2024-10-25,授权发明,专利权维持,A61B,生物医药,本发明涉及生物医药领域，具体涉及一种干细胞细胞培养方法及装置。该发明通过优化的结构设计，实现了更高的准确率和效率，具有性能优异、可靠性高的优点。实验结果表明，该发明能够显著增强系统稳定性，为工业生产提供了新的技术方案。
112,一种免疫细胞细胞培养方法及装置,长春高新,000661,长春高新,CN277303722B,2023-09-20,实用新型,专利权转移,A61K,生物医药,本发明涉及生物医药领域，具体涉及一种免疫细胞细胞培养方法及装置。该发明通过高效的工艺流程，实现了更优的用户体验，具有效率高、能耗低的优点。实验结果表明，该发明能够有效降低生产成本，为能源管理提供了新的技术方案。
113,一种脂质体药物递送系统,智飞生物,300122,智飞生物,CN168747287B,2025-11-25,授权发明,专利权维持,C07K,生物医药,本发明涉及生物医药领域，具体涉及一种脂质体药物递送系统。该发明通过创新的算法设计，实现了更优的用户体验，具有智能化程度高、操作便捷的优点。实验结果表明，该发明能够有效降低生产成本，为能源管理提供了新的技术方案。
114,一种用于治疗糖尿病的化合物及其制备方法,恒瑞医药,600276,恒瑞医药,CN355555531B,2023-03-06,实用新型,专利权维持,A61K,生物医药,本发明涉及生物医药领域，具体涉及一种用于治疗糖尿病的化合物及其制备方法。该发明通过智能化的控制策略，实现了更好的性能和稳定性，具有智能化程度高、操作便捷的优点。实验结果表明，该发明能够有效降低生产成本，为能源管理提供了新的技术方案。
115,基于荧光成像的智能无人机控制方法,寒武纪,688256,寒武纪,CN554814084B,2023-07-13,授权发明,专利权维持,G06F,人工智能,本发明公开了基于荧光成像的智能无人机控制方法。该方法通过智能化的控制策略，构建了深度神经网络模型，实现了更高的准确率和效率。与现有技术相比，本发明具有结构简单、成本低廉的优点，能够明显改善产品质量，适用于智能制造等场景。
116,一种图神经网络模型及其训练方法,旷视科技,未上市,旷视科技（未上市）,CN596743109A,2025-07-07,授权发明,专利权维持,G06F,人工智能,本发明公开了一种图神经网络模型及其训练方法。该方法通过创新的算法设计，构建了自适应优化模型，实现了更优的用户体验。与现有技术相比，本发明具有结构简单、成本低廉的优点，能够显著提高系统性能，适用于能源管理等场景。
117,一种Transformer神经网络模型及其训练方法,海康威视,002415,海康威视,CN162959284A,2025-09-21,授权发明,专利权转移,G06F,人工智能,本发明公开了一种Transformer神经网络模型及其训练方法。该方法通过智能化的控制策略，构建了深度神经网络模型，实现了更强的适应性和鲁棒性。与现有技术相比，本发明具有适应性强、易于实施的优点，能够明显改善产品质量，适用于智能制造等场景。
118,一种生成对抗神经网络模型及其训练方法,寒武纪,688256,寒武纪,CN682177668A,2024-03-21,外观设计,专利权维持,G06F,人工智能,本发明公开了一种生成对抗神经网络模型及其训练方法。该方法通过先进的材料选择，构建了深度神经网络模型，实现了更高的准确率和效率。与现有技术相比，本发明具有智能化程度高、操作便捷的优点，能够明显改善产品质量，适用于能源管理等场景。
119,一种图像数据处理的机器学习方法,商汤科技,未上市,商汤科技（未上市）,CN352548261B,2024-01-16,授权发明,专利权维持,G06N,人工智能,本发明公开了一种图像数据处理的机器学习方法。该方法通过创新的算法设计，构建了混合智能模型，实现了更好的性能和稳定性。与现有技术相比，本发明具有智能化程度高、操作便捷的优点，能够显著增强系统稳定性，适用于工业生产等场景。
120,一种多模态数据处理的机器学习方法,海康威视,002415,海康威视,CN819112790U,2025-12-06,授权发明,专利权维持,G06T,人工智能,本发明公开了一种多模态数据处理的机器学习方法。该方法通过先进的材料选择，构建了多任务学习模型，实现了更低的成本和能耗。与现有技术相比，本发明具有效率高、能耗低的优点，能够有效降低生产成本，适用于智能制造等场景。
121,基于深度学习的视频识别方法,阿里巴巴,BABA,阿里巴巴,CN384756779A,2023-07-24,授权发明,专利权维持,G06N,人工智能,本发明公开了基于深度学习的视频识别方法。该方法通过先进的材料选择，构建了深度神经网络模型，实现了更好的性能和稳定性。与现有技术相比，本发明具有适应性强、易于实施的优点，能够大幅提升用户体验，适用于医疗诊断等场景。
122,一种图像数据处理的机器学习方法,百度,BIDU,百度,CN244193987B,2024-09-05,实用新型,专利权维持,G10L,人工智能,本发明公开了一种图像数据处理的机器学习方法。该方法通过创新的算法设计，构建了深度神经网络模型，实现了更优的用户体验。与现有技术相比，本发明具有性能优异、可靠性高的优点，能够大幅提升用户体验，适用于智能制造等场景。
123,一种生成对抗神经网络模型及其训练方法,旷视科技,未上市,旷视科技（未上市）,CN154544899A,2025-11-01,授权发明,专利权转移,G06K,人工智能,本发明公开了一种生成对抗神经网络模型及其训练方法。该方法通过智能化的控制策略，构建了端到端学习框架，实现了更高的准确率和效率。与现有技术相比，本发明具有结构简单、成本低廉的优点，能够大幅提升用户体验，适用于医疗诊断等场景。
124,一种视频数据处理的机器学习方法,商汤科技,未上市,商汤科技（未上市）,CN841976666A,2023-01-20,授权发明,专利权转移,G06T,人工智能,本发明公开了一种视频数据处理的机器学习方法。该方法通过高效的工艺流程，构建了深度神经网络模型，实现了更低的成本和能耗。与现有技术相比，本发明具有智能化程度高、操作便捷的优点，能够显著增强系统稳定性，适用于医疗诊断等场景。
125,用于情感分析的人工智能算法优化系统,商汤科技,未上市,商汤科技（未上市）,CN367930513U,2023-03-23,实用新型,专利权维持,G06N,人工智能,本发明公开了用于情感分析的人工智能算法优化系统。该方法通过创新的算法设计，构建了端到端学习框架，实现了更优的用户体验。与现有技术相比，本发明具有效率高、能耗低的优点，能够显著增强系统稳定性，适用于医疗诊断等场景。
126,基于基因测序的智能无人机控制方法,商汤科技,未上市,商汤科技（未上市）,CN819307302U,2024-11-11,实用新型,专利权维持,G06F,人工智能,本发明公开了基于基因测序的智能无人机控制方法。该方法通过优化的结构设计，构建了端到端学习框架，实现了更好的性能和稳定性。与现有技术相比，本发明具有结构简单、成本低廉的优点，能够明显改善产品质量，适用于工业生产等场景。
127,基于质谱分析的智能摄像头控制方法,旷视科技,未上市,旷视科技（未上市）,CN527849588B,2024-04-11,授权发明,专利权维持,G06F,人工智能,本发明公开了基于质谱分析的智能摄像头控制方法。该方法通过先进的材料选择，构建了深度神经网络模型，实现了更低的成本和能耗。与现有技术相比，本发明具有适应性强、易于实施的优点，能够显著增强系统稳定性，适用于自动驾驶等场景。
128,基于深度学习的文本识别方法,阿里巴巴,BABA,阿里巴巴,CN141078352A,2024-01-01,授权发明,专利权质押,G06N,人工智能,本发明公开了基于深度学习的文本识别方法。该方法通过高效的工艺流程，构建了自适应优化模型，实现了更低的成本和能耗。与现有技术相比，本发明具有适应性强、易于实施的优点，能够明显改善产品质量，适用于能源管理等场景。
129,用于语音的云计算资源调度方法,阿里巴巴,BABA,阿里巴巴,CN658260221U,2024-06-05,授权发明,专利权维持,H04N,互联网,本发明涉及互联网技术领域，具体涉及用于语音的云计算资源调度方法。该系统采用优化的结构设计，实现了更低的成本和能耗，具有效率高、能耗低的特点。本发明能够显著提高系统性能，提升了智能制造的效率和用户体验。
130,基于区块链的行为系统及方法,网易,NTES,网易,CN848621833B,2024-09-25,实用新型,专利权维持,G06Q,互联网,本发明涉及互联网技术领域，具体涉及基于区块链的行为系统及方法。该系统采用高效的工艺流程，实现了更好的性能和稳定性，具有性能优异、可靠性高的特点。本发明能够明显改善产品质量，提升了自动驾驶的效率和用户体验。
131,用于图像的云计算资源调度方法,拼多多,PDD,拼多多,CN722753913U,2024-09-14,授权发明,专利权维持,H04N,互联网,本发明涉及互联网技术领域，具体涉及用于图像的云计算资源调度方法。该系统采用先进的材料选择，实现了更强的适应性和鲁棒性，具有效率高、能耗低的特点。本发明能够明显改善产品质量，提升了医疗诊断的效率和用户体验。
132,一种基于质谱分析的内容分发平台系统,小米,01810.HK,小米,CN352188235U,2024-11-17,授权发明,专利权质押,H04L,互联网,本发明涉及互联网技术领域，具体涉及一种基于质谱分析的内容分发平台系统。该系统采用先进的材料选择，实现了更好的性能和稳定性，具有性能优异、可靠性高的特点。本发明能够有效降低生产成本，提升了工业生产的效率和用户体验。
133,用于图像的云计算资源调度方法,美团,03690.HK,美团,CN308773243U,2025-07-21,授权发明,专利权维持,H04N,互联网,本发明涉及互联网技术领域，具体涉及用于图像的云计算资源调度方法。该系统采用智能化的控制策略，实现了更强的适应性和鲁棒性，具有效率高、能耗低的特点。本发明能够有效降低生产成本，提升了医疗诊断的效率和用户体验。
134,用于语音的分布式计算方法,阿里巴巴,BABA,阿里巴巴,CN230307805B,2025-11-26,授权发明,专利权维持,H04N,互联网,本发明涉及互联网技术领域，具体涉及用于语音的分布式计算方法。该系统采用优化的结构设计，实现了更强的适应性和鲁棒性，具有智能化程度高、操作便捷的特点。本发明能够显著增强系统稳定性，提升了能源管理的效率和用户体验。
135,用于视频的云计算资源调度方法,小米,01810.HK,小米,CN609677794B,2025-07-02,实用新型,专利权维持,H04W,互联网,本发明涉及互联网技术领域，具体涉及用于视频的云计算资源调度方法。该系统采用先进的材料选择，实现了更好的性能和稳定性，具有适应性强、易于实施的特点。本发明能够显著增强系统稳定性，提升了自动驾驶的效率和用户体验。
136,一种基于质谱分析的社交平台系统,拼多多,PDD,拼多多,CN186519602A,2024-07-10,授权发明,专利权转移,H04N,互联网,本发明涉及互联网技术领域，具体涉及一种基于质谱分析的社交平台系统。该系统采用优化的结构设计，实现了更好的性能和稳定性，具有效率高、能耗低的特点。本发明能够有效降低生产成本，提升了医疗诊断的效率和用户体验。
137,基于区块链的行为系统及方法,字节跳动,未上市,字节跳动（未上市）,CN551125671B,2025-08-12,授权发明,专利权维持,H04N,互联网,本发明涉及互联网技术领域，具体涉及基于区块链的行为系统及方法。该系统采用高效的工艺流程，实现了更高的准确率和效率，具有智能化程度高、操作便捷的特点。本发明能够明显改善产品质量，提升了自动驾驶的效率和用户体验。
138,一种物流推荐算法及装置,网易,NTES,网易,CN621454127A,2024-03-27,授权发明,专利权维持,G06F,互联网,本发明涉及互联网技术领域，具体涉及一种物流推荐算法及装置。该系统采用智能化的控制策略，实现了更低的成本和能耗，具有效率高、能耗低的特点。本发明能够有效降低生产成本，提升了自动驾驶的效率和用户体验。
139,用于行为的云计算资源调度方法,腾讯,00700.HK,腾讯,CN595744935A,2023-02-25,授权发明,专利权维持,H04N,互联网,本发明涉及互联网技术领域，具体涉及用于行为的云计算资源调度方法。该系统采用创新的算法设计，实现了更低的成本和能耗，具有效率高、能耗低的特点。本发明能够大幅提升用户体验，提升了医疗诊断的效率和用户体验。
140,一种支付推荐算法及装置,网易,NTES,网易,CN120812641U,2025-05-13,授权发明,专利权维持,G06F,互联网,本发明涉及互联网技术领域，具体涉及一种支付推荐算法及装置。该系统采用高效的工艺流程，实现了更高的准确率和效率，具有适应性强、易于实施的特点。本发明能够有效降低生产成本，提升了工业生产的效率和用户体验。
141,用于图像的分布式计算方法,腾讯,00700.HK,腾讯,CN222824732U,2023-11-09,授权发明,专利权维持,H04L,互联网,本发明涉及互联网技术领域，具体涉及用于图像的分布式计算方法。该系统采用优化的结构设计，实现了更强的适应性和鲁棒性，具有适应性强、易于实施的特点。本发明能够大幅提升用户体验，提升了医疗诊断的效率和用户体验。
142,基于区块链的图像系统及方法,阿里巴巴,BABA,阿里巴巴,CN502982778B,2023-02-22,实用新型,专利权维持,H04L,互联网,本发明涉及互联网技术领域，具体涉及基于区块链的图像系统及方法。该系统采用优化的结构设计，实现了更高的准确率和效率，具有智能化程度高、操作便捷的特点。本发明能够有效降低生产成本，提升了工业生产的效率和用户体验。
143,一种传感器及其制造方法,京东方A,000725,京东方A,CN643271261U,2025-12-27,授权发明,专利权维持,G11C,电子信息,本发明公开了一种传感器及其制造方法。该系统采用先进的材料选择，实现了更高的准确率和效率，具有效率高、能耗低的优点。本发明能够明显改善产品质量，适用于工业生产等领域，具有良好的应用前景。
144,用于视频的无人机电路设计,韦尔股份,603501,韦尔股份,CN967797300U,2025-12-04,外观设计,专利权维持,H04B,电子信息,本发明公开了用于视频的无人机电路设计。该装置采用智能化的控制策略，实现了更强的适应性和鲁棒性，具有效率高、能耗低的优点。本发明能够显著增强系统稳定性，适用于智能制造等领域，具有良好的应用前景。
145,基于荧光成像的显示屏封装结构,立讯精密,002475,立讯精密,CN461203124A,2025-08-09,授权发明,专利权维持,H01L,电子信息,本发明公开了基于荧光成像的显示屏封装结构。该装置采用智能化的控制策略，实现了更低的成本和能耗，具有性能优异、可靠性高的优点。本发明能够明显改善产品质量，适用于医疗诊断等领域，具有良好的应用前景。
146,基于PCR的传感器封装结构,歌尔股份,002241,歌尔股份,CN359154084U,2023-01-21,授权发明,专利权维持,G02F,电子信息,本发明公开了基于PCR的传感器封装结构。该系统采用智能化的控制策略，实现了更强的适应性和鲁棒性，具有智能化程度高、操作便捷的优点。本发明能够有效降低生产成本，适用于自动驾驶等领域，具有良好的应用前景。
147,一种传感器及其制造方法,紫光国微,002049,紫光国微,CN812921644U,2024-03-29,授权发明,专利权维持,H01L,电子信息,本发明公开了一种传感器及其制造方法。该系统采用先进的材料选择，实现了更强的适应性和鲁棒性，具有智能化程度高、操作便捷的优点。本发明能够显著增强系统稳定性，适用于智能制造等领域，具有良好的应用前景。
148,一种高性能摄像头及其驱动方法,韦尔股份,603501,韦尔股份,CN306785808B,2024-09-19,授权发明,专利权维持,G02F,电子信息,本发明公开了一种高性能摄像头及其驱动方法。该系统采用创新的算法设计，实现了更优的用户体验，具有性能优异、可靠性高的优点。本发明能够有效降低生产成本，适用于医疗诊断等领域，具有良好的应用前景。
149,用于行为的传感器测试系统,歌尔股份,002241,歌尔股份,CN487493096A,2023-07-25,实用新型,专利权维持,G11C,电子信息,本发明公开了用于行为的传感器测试系统。该芯片采用先进的材料选择，实现了更高的准确率和效率，具有智能化程度高、操作便捷的优点。本发明能够有效降低生产成本，适用于智能制造等领域，具有良好的应用前景。
150,基于免疫组化的电路板封装结构,中兴通讯,000063,中兴通讯,CN604011128B,2023-07-30,实用新型,专利权维持,G11C,电子信息,本发明公开了基于免疫组化的电路板封装结构。该系统采用智能化的控制策略，实现了更低的成本和能耗，具有性能优异、可靠性高的优点。本发明能够显著提高系统性能，适用于智能制造等领域，具有良好的应用前景。
151,一种高性能传感器及其驱动方法,京东方A,000725,京东方A,CN262915636A,2023-06-01,授权发明,专利权维持,H01L,电子信息,本发明公开了一种高性能传感器及其驱动方法。该设备采用高效的工艺流程，实现了更低的成本和能耗，具有结构简单、成本低廉的优点。本发明能够有效降低生产成本，适用于工业生产等领域，具有良好的应用前景。
152,用于行为的显示屏测试系统,闻泰科技,600745,闻泰科技,CN419280490U,2025-12-06,授权发明,专利权转移,G11C,电子信息,本发明公开了用于行为的显示屏测试系统。该设备采用智能化的控制策略，实现了更低的成本和能耗，具有智能化程度高、操作便捷的优点。本发明能够显著增强系统稳定性，适用于工业生产等领域，具有良好的应用前景。
153,用于文本的机器人电路设计,京东方A,000725,京东方A,CN268075622A,2023-11-18,授权发明,专利权维持,H05K,电子信息,本发明公开了用于文本的机器人电路设计。该芯片采用智能化的控制策略，实现了更强的适应性和鲁棒性，具有智能化程度高、操作便捷的优点。本发明能够明显改善产品质量，适用于智能制造等领域，具有良好的应用前景。
154,基于荧光成像的芯片封装结构,立讯精密,002475,立讯精密,CN771150922U,2024-04-23,实用新型,专利权维持,G02F,电子信息,本发明公开了基于荧光成像的芯片封装结构。该模块采用优化的结构设计，实现了更强的适应性和鲁棒性，具有结构简单、成本低廉的优点。本发明能够显著增强系统稳定性，适用于医疗诊断等领域，具有良好的应用前景。
155,一种芯片及其制造方法,歌尔股份,002241,歌尔股份,CN985021282U,2023-12-06,实用新型,专利权维持,H05K,电子信息,本发明公开了一种芯片及其制造方法。该系统采用先进的材料选择，实现了更强的适应性和鲁棒性，具有结构简单、成本低廉的优点。本发明能够明显改善产品质量，适用于智能制造等领域，具有良好的应用前景。
156,用于视频的电路板测试系统,歌尔股份,002241,歌尔股份,CN888699799B,2023-06-14,授权发明,专利权转移,G11C,电子信息,本发明公开了用于视频的电路板测试系统。该设备采用高效的工艺流程，实现了更低的成本和能耗，具有结构简单、成本低廉的优点。本发明能够显著提高系统性能，适用于医疗诊断等领域，具有良好的应用前景。
157,用于图像的无人机优化系统,宁德时代,300750,宁德时代,CN398668350A,2025-08-21,授权发明,专利权维持,H02M,新能源,本发明涉及新能源技术领域，具体涉及用于图像的无人机优化系统。该发明通过高效的工艺流程，实现了更强的适应性和鲁棒性，具有效率高、能耗低的优点。测试结果表明，本发明能够显著提高系统性能，为自动驾驶提供了有效的技术支持。
158,基于基因测序的无人机控制方法,国轩高科,002074,国轩高科,CN811443654B,2024-11-06,授权发明,专利权维持,H02M,新能源,本发明涉及新能源技术领域，具体涉及基于基因测序的无人机控制方法。该发明通过高效的工艺流程，实现了更高的准确率和效率，具有效率高、能耗低的优点。测试结果表明，本发明能够显著提高系统性能，为智能制造提供了有效的技术支持。
159,一种正极材料及其在行为中的应用,天合光能,688599,天合光能,CN488457631U,2025-08-04,授权发明,专利权维持,H01M,新能源,本发明涉及新能源技术领域，具体涉及一种正极材料及其在行为中的应用。该发明通过智能化的控制策略，实现了更强的适应性和鲁棒性，具有结构简单、成本低廉的优点。测试结果表明，本发明能够有效降低生产成本，为智能制造提供了有效的技术支持。
160,一种正极材料及其在视频中的应用,隆基绿能,601012,隆基绿能,CN356943695U,2023-03-01,外观设计,专利权维持,H02M,新能源,本发明涉及新能源技术领域，具体涉及一种正极材料及其在视频中的应用。该发明通过优化的结构设计，实现了更低的成本和能耗，具有智能化程度高、操作便捷的优点。测试结果表明，本发明能够显著提高系统性能，为能源管理提供了有效的技术支持。
161,一种燃料电池及其制备方法,比亚迪,002594,比亚迪,CN869446962B,2023-08-29,实用新型,专利权维持,H02J,新能源,本发明涉及新能源技术领域，具体涉及一种燃料电池及其制备方法。该发明通过高效的工艺流程，实现了更低的成本和能耗，具有效率高、能耗低的优点。测试结果表明，本发明能够明显改善产品质量，为自动驾驶提供了有效的技术支持。
162,用于视频的能量管理系统,欣旺达,300207,欣旺达,CN246574716A,2024-01-26,实用新型,专利权维持,H01L,新能源,本发明涉及新能源技术领域，具体涉及用于视频的能量管理系统。该发明通过先进的材料选择，实现了更强的适应性和鲁棒性，具有适应性强、易于实施的优点。测试结果表明，本发明能够显著增强系统稳定性，为智能制造提供了有效的技术支持。
163,用于行为的传感器优化系统,亿纬锂能,300014,亿纬锂能,CN456954682U,2023-11-01,授权发明,专利权维持,H02M,新能源,本发明涉及新能源技术领域，具体涉及用于行为的传感器优化系统。该发明通过高效的工艺流程，实现了更强的适应性和鲁棒性，具有效率高、能耗低的优点。测试结果表明，本发明能够大幅提升用户体验，为医疗诊断提供了有效的技术支持。
164,一种电解质材料及其在图像中的应用,国轩高科,002074,国轩高科,CN514548900U,2025-08-26,实用新型,专利权转移,H02J,新能源,本发明涉及新能源技术领域，具体涉及一种电解质材料及其在图像中的应用。该发明通过优化的结构设计，实现了更强的适应性和鲁棒性，具有结构简单、成本低廉的优点。测试结果表明，本发明能够有效降低生产成本，为能源管理提供了有效的技术支持。
165,一种导电材料及其在图像中的应用,天合光能,688599,天合光能,CN803066091A,2025-07-24,授权发明,专利权维持,H01M,新能源,本发明涉及新能源技术领域，具体涉及一种导电材料及其在图像中的应用。该发明通过创新的算法设计，实现了更强的适应性和鲁棒性，具有适应性强、易于实施的优点。测试结果表明，本发明能够大幅提升用户体验，为能源管理提供了有效的技术支持。
166,用于视频的摄像头优化系统,比亚迪,002594,比亚迪,CN173466219A,2025-09-26,实用新型,专利权维持,H02M,新能源,本发明涉及新能源技术领域，具体涉及用于视频的摄像头优化系统。该发明通过先进的材料选择，实现了更好的性能和稳定性，具有结构简单、成本低廉的优点。测试结果表明，本发明能够明显改善产品质量，为工业生产提供了有效的技术支持。
167,基于基因测序的机器人控制方法,欣旺达,300207,欣旺达,CN502482554B,2024-10-26,实用新型,专利权维持,H02J,新能源,本发明涉及新能源技术领域，具体涉及基于基因测序的机器人控制方法。该发明通过优化的结构设计，实现了更好的性能和稳定性，具有智能化程度高、操作便捷的优点。测试结果表明，本发明能够明显改善产品质量，为能源管理提供了有效的技术支持。
168,一种超级电容电池及其制备方法,隆基绿能,601012,隆基绿能,CN726160204A,2025-02-22,实用新型,专利权维持,H02J,新能源,本发明涉及新能源技术领域，具体涉及一种超级电容电池及其制备方法。该发明通过优化的结构设计，实现了更强的适应性和鲁棒性，具有适应性强、易于实施的优点。测试结果表明，本发明能够明显改善产品质量，为智能制造提供了有效的技术支持。
169,用于语音的机器人优化系统,欣旺达,300207,欣旺达,CN421214426U,2025-06-23,实用新型,专利权质押,H02M,新能源,本发明涉及新能源技术领域，具体涉及用于语音的机器人优化系统。该发明通过智能化的控制策略，实现了更低的成本和能耗，具有效率高、能耗低的优点。测试结果表明，本发明能够大幅提升用户体验，为医疗诊断提供了有效的技术支持。
170,用于视频的能量管理系统,欣旺达,300207,欣旺达,CN417001612A,2025-01-05,授权发明,专利权质押,H01M,新能源,本发明涉及新能源技术领域，具体涉及用于视频的能量管理系统。该发明通过智能化的控制策略，实现了更低的成本和能耗，具有结构简单、成本低廉的优点。测试结果表明，本发明能够显著增强系统稳定性，为工业生产提供了有效的技术支持。
171,用于行为的车辆传感器,理想汽车,LI,理想汽车,CN827744047U,2024-03-24,实用新型,专利权维持,B60K,汽车,本发明公开了用于行为的车辆传感器。该系统采用优化的结构设计，实现了更高的准确率和效率，具有结构简单、成本低廉的特点。本发明能够大幅提升用户体验，提升了车辆的自动驾驶性能，具有重要的实用价值。
172,一种自动驾驶汽车的转向控制系统,蔚来,NIO,蔚来,CN679184667B,2025-04-30,授权发明,专利权维持,B60W,汽车,本发明公开了一种自动驾驶汽车的转向控制系统。该系统采用高效的工艺流程，实现了更优的用户体验，具有适应性强、易于实施的特点。本发明能够有效降低生产成本，提升了车辆的智能制造性能，具有重要的实用价值。
173,一种智能网联汽车的动力控制系统,吉利汽车,00175.HK,吉利汽车,CN826197069U,2023-10-16,实用新型,专利权维持,B60K,汽车,本发明公开了一种智能网联汽车的动力控制系统。该系统采用智能化的控制策略，实现了更优的用户体验，具有适应性强、易于实施的特点。本发明能够显著提高系统性能，提升了车辆的自动驾驶性能，具有重要的实用价值。
174,一种智能网联汽车的转向控制系统,吉利汽车,00175.HK,吉利汽车,CN498866784A,2024-06-20,授权发明,专利权转移,F02D,汽车,本发明公开了一种智能网联汽车的转向控制系统。该系统采用优化的结构设计，实现了更强的适应性和鲁棒性，具有结构简单、成本低廉的特点。本发明能够显著增强系统稳定性，提升了车辆的能源管理性能，具有重要的实用价值。
175,一种自动驾驶汽车的悬架优化方法,广汽集团,601238,广汽集团,CN426808977B,2023-08-27,授权发明,专利权转移,B60L,汽车,本发明公开了一种自动驾驶汽车的悬架优化方法。该系统采用创新的算法设计，实现了更高的准确率和效率，具有性能优异、可靠性高的特点。本发明能够显著增强系统稳定性，提升了车辆的医疗诊断性能，具有重要的实用价值。
176,用于视频的车载终端,理想汽车,LI,理想汽车,CN995171130B,2023-11-13,实用新型,专利权维持,B60K,汽车,本发明公开了用于视频的车载终端。该系统采用高效的工艺流程，实现了更强的适应性和鲁棒性，具有适应性强、易于实施的特点。本发明能够显著提高系统性能，提升了车辆的智能制造性能，具有重要的实用价值。
177,用于文本的车辆芯片,理想汽车,LI,理想汽车,CN485123110A,2025-01-22,授权发明,专利权质押,B62D,汽车,本发明公开了用于文本的车辆芯片。该系统采用智能化的控制策略，实现了更低的成本和能耗，具有性能优异、可靠性高的特点。本发明能够显著提高系统性能，提升了车辆的自动驾驶性能，具有重要的实用价值。
178,一种电动汽车的转向控制系统,广汽集团,601238,广汽集团,CN320337809A,2024-05-13,外观设计,专利权维持,F02D,汽车,本发明公开了一种电动汽车的转向控制系统。该系统采用高效的工艺流程，实现了更好的性能和稳定性，具有智能化程度高、操作便捷的特点。本发明能够有效降低生产成本，提升了车辆的医疗诊断性能，具有重要的实用价值。
179,一种自动驾驶汽车的制动控制系统,上汽集团,600104,上汽集团,CN218032515U,2023-09-24,授权发明,专利权维持,F02D,汽车,本发明公开了一种自动驾驶汽车的制动控制系统。该系统采用创新的算法设计，实现了更好的性能和稳定性，具有结构简单、成本低廉的特点。本发明能够大幅提升用户体验，提升了车辆的医疗诊断性能，具有重要的实用价值。
180,用于文本的车辆芯片,蔚来,NIO,蔚来,CN900651998A,2023-09-17,实用新型,专利权维持,B60L,汽车,本发明公开了用于文本的车辆芯片。该系统采用智能化的控制策略，实现了更强的适应性和鲁棒性，具有适应性强、易于实施的特点。本发明能够显著增强系统稳定性，提升了车辆的能源管理性能，具有重要的实用价值。
181,用于行为的车辆芯片,理想汽车,LI,理想汽车,CN133447745A,2025-12-03,授权发明,专利权维持,F02D,汽车,本发明公开了用于行为的车辆芯片。该系统采用智能化的控制策略，实现了更强的适应性和鲁棒性，具有效率高、能耗低的特点。本发明能够显著提高系统性能，提升了车辆的自动驾驶性能，具有重要的实用价值。
182,基于PCR的智能驾驶辅助系统,长城汽车,601633,长城汽车,CN779760958U,2023-10-31,授权发明,专利权维持,B60L,汽车,本发明公开了基于PCR的智能驾驶辅助系统。该系统采用高效的工艺流程，实现了更低的成本和能耗，具有效率高、能耗低的特点。本发明能够显著增强系统稳定性，提升了车辆的能源管理性能，具有重要的实用价值。
183,用于视频的车载机器人,理想汽车,LI,理想汽车,CN925667446U,2023-08-23,实用新型,专利权维持,F02D,汽车,本发明公开了用于视频的车载机器人。该系统采用优化的结构设计，实现了更强的适应性和鲁棒性，具有效率高、能耗低的特点。本发明能够有效降低生产成本，提升了车辆的自动驾驶性能，具有重要的实用价值。
184,一种电动汽车的转向优化方法,理想汽车,LI,理想汽车,CN263894795U,2025-05-24,授权发明,专利权维持,B62D,汽车,本发明公开了一种电动汽车的转向优化方法。该系统采用智能化的控制策略，实现了更高的准确率和效率，具有结构简单、成本低廉的特点。本发明能够显著提高系统性能，提升了车辆的工业生产性能，具有重要的实用价值。
185,用于行为的航空芯片,航发科技,600391,航发科技,CN814403943B,2024-11-06,实用新型,专利权维持,F02K,航空航天,本发明涉及航空航天技术领域，具体涉及用于行为的航空芯片。该发明采用创新的算法设计，实现了更低的成本和能耗，具有智能化程度高、操作便捷的优点。本发明能够大幅提升用户体验，为智能制造提供了可靠的技术保障。
186,一种负极材料在航空航天领域的应用,中航西飞,000768,中航西飞,CN223357166B,2023-08-10,授权发明,专利权维持,B64D,航空航天,本发明涉及航空航天技术领域，具体涉及一种负极材料在航空航天领域的应用。该发明采用高效的工艺流程，实现了更好的性能和稳定性，具有效率高、能耗低的优点。本发明能够显著增强系统稳定性，为能源管理提供了可靠的技术保障。
187,基于基因测序的飞行控制方法,中国航发动力,600893,中国航发动力,CN464883950B,2024-01-05,授权发明,专利权维持,B64G,航空航天,本发明涉及航空航天技术领域，具体涉及基于基因测序的飞行控制方法。该发明采用创新的算法设计，实现了更好的性能和稳定性，具有性能优异、可靠性高的优点。本发明能够显著增强系统稳定性，为自动驾驶提供了可靠的技术保障。
188,一种战斗机的电池管理系统,中航沈飞,600760,中航沈飞,CN497341481B,2025-02-09,授权发明,专利权维持,B64C,航空航天,本发明涉及航空航天技术领域，具体涉及一种战斗机的电池管理系统。该发明采用先进的材料选择，实现了更优的用户体验，具有智能化程度高、操作便捷的优点。本发明能够显著提高系统性能，为工业生产提供了可靠的技术保障。
189,一种运输机的动力系统,中航沈飞,600760,中航沈飞,CN574641329B,2025-06-26,实用新型,专利权维持,B64G,航空航天,本发明涉及航空航天技术领域，具体涉及一种运输机的动力系统。该发明采用先进的材料选择，实现了更好的性能和稳定性，具有智能化程度高、操作便捷的优点。本发明能够显著提高系统性能，为智能制造提供了可靠的技术保障。
190,用于视频的航天器电池管理设计,航发科技,600391,航发科技,CN743520276A,2024-09-23,授权发明,专利权维持,F02K,航空航天,本发明涉及航空航天技术领域，具体涉及用于视频的航天器电池管理设计。该发明采用创新的算法设计，实现了更好的性能和稳定性，具有适应性强、易于实施的优点。本发明能够有效降低生产成本，为医疗诊断提供了可靠的技术保障。
191,一种直升机的动力系统,航天电子,600879,航天电子,CN855561271A,2025-05-31,授权发明,专利权维持,F02K,航空航天,本发明涉及航空航天技术领域，具体涉及一种直升机的动力系统。该发明采用高效的工艺流程，实现了更优的用户体验，具有适应性强、易于实施的优点。本发明能够显著提高系统性能，为自动驾驶提供了可靠的技术保障。
192,一种正极材料在航空航天领域的应用,航天发展,000547,航天发展,CN861818706U,2024-10-03,授权发明,专利权维持,B64C,航空航天,本发明涉及航空航天技术领域，具体涉及一种正极材料在航空航天领域的应用。该发明采用智能化的控制策略，实现了更低的成本和能耗，具有结构简单、成本低廉的优点。本发明能够明显改善产品质量，为工业生产提供了可靠的技术保障。
193,一种电解质材料在航空航天领域的应用,中航沈飞,600760,中航沈飞,CN567804106U,2023-06-30,授权发明,专利权维持,B64G,航空航天,本发明涉及航空航天技术领域，具体涉及一种电解质材料在航空航天领域的应用。该发明采用智能化的控制策略，实现了更优的用户体验，具有结构简单、成本低廉的优点。本发明能够明显改善产品质量，为智能制造提供了可靠的技术保障。
194,用于图像的航空连接器,中航西飞,000768,中航西飞,CN933468715B,2023-08-22,授权发明,专利权维持,F02K,航空航天,本发明涉及航空航天技术领域，具体涉及用于图像的航空连接器。该发明采用先进的材料选择，实现了更好的性能和稳定性，具有性能优异、可靠性高的优点。本发明能够显著提高系统性能，为医疗诊断提供了可靠的技术保障。
195,用于语音的航天器动力设计,中航西飞,000768,中航西飞,CN598165815U,2023-12-29,外观设计,专利权维持,B64D,航空航天,本发明涉及航空航天技术领域，具体涉及用于语音的航天器动力设计。该发明采用高效的工艺流程，实现了更强的适应性和鲁棒性，具有智能化程度高、操作便捷的优点。本发明能够显著增强系统稳定性，为智能制造提供了可靠的技术保障。
196,一种直升机的悬架系统,中航沈飞,600760,中航沈飞,CN477895080U,2024-09-12,实用新型,专利权维持,G01C,航空航天,本发明涉及航空航天技术领域，具体涉及一种直升机的悬架系统。该发明采用创新的算法设计，实现了更低的成本和能耗，具有效率高、能耗低的优点。本发明能够明显改善产品质量，为工业生产提供了可靠的技术保障。
197,一种卫星的动力系统,航天动力,600343,航天动力,CN950207886U,2025-11-04,授权发明,专利权维持,F02K,航空航天,本发明涉及航空航天技术领域，具体涉及一种卫星的动力系统。该发明采用创新的算法设计，实现了更强的适应性和鲁棒性，具有智能化程度高、操作便捷的优点。本发明能够有效降低生产成本，为智能制造提供了可靠的技术保障。
198,用于图像的航空电路板,中国卫星,600118,中国卫星,CN866990485A,2023-07-31,实用新型,专利权转移,B64G,航空航天,本发明涉及航空航天技术领域，具体涉及用于图像的航空电路板。该发明采用高效的工艺流程，实现了更好的性能和稳定性，具有结构简单、成本低廉的优点。本发明能够有效降低生产成本，为自动驾驶提供了可靠的技术保障。
