industry,avg_revenue_cny_100m,avg_operating_cost_cny_100m,avg_cost_ratio_pct,avg_gross_margin_pct,avg_bep_revenue_cny_100m
人工智能行业,6614.24,4369.45,66.02,33.98,6614.24
光学光电子行业,7114.33,6022.94,84.79,15.21,7114.33
医药制造业,10722.06,5440.72,50.72,49.28,10722.06
半导体行业,5148.15,3695.67,71.54,28.46,5148.15
家用电器制造业,34042.71,26686.99,78.35,21.65,34042.7
新能源行业,5097.92,4044.08,79.06,20.94,5097.92
智能制造装备行业,4.86,3.95,81.32,18.68,4.86
汽车制造业,30146.78,25707.27,85.41,14.59,30146.77
环保产业,3393.51,2522.68,74.34,25.66,3393.51
电子信息制造业,38997.44,31632.7,81.02,18.98,38997.43
航空航天制造业,7941.19,6524.66,82.19,17.81,7941.19
计算机及办公设备制造业,38997.44,31632.7,81.02,18.98,38997.43
软件和信息技术服务业,6614.24,4369.45,66.02,33.98,6614.24
通信设备制造业,1805.05,1178.16,65.33,34.67,1805.05
金融保险业,4480.31,4.98,0.0,100.0,
食品饮料制造业,4944.77,1435.59,29.2,70.8,4944.77
